filename,style,shape,color,texture,decorations,theme
photo_placeid-ChIJ-9fCcIo9aTQR6kgSIlbD48o_idx-1.jpg,跳色,圓形（Round）,"裸粉色, 粉色","光澤（Glossy）, 亮片（Glitter）",,簡約
photo_placeid-ChIJ-9fCcIo9aTQR6kgSIlbD48o_idx-10.jpg,法式,圓形（Round）,"粉色, 金屬銀",光澤（Glossy）,金屬飾片（Metal pieces）,優雅
photo_placeid-ChIJ-9fCcIo9aTQR6kgSIlbD48o_idx-2.jpg,跳色,橢圓形（Oval）,"紅色, 金屬銀, 裸粉色","光澤（Glossy）, 亮片（Glitter）, 珠光（Pearlescent）",,優雅
photo_placeid-ChIJ-9fCcIo9aTQR6kgSIlbD48o_idx-7.jpg,單色,圓形（Round）,橙色,光澤（Glossy）,,日常
photo_placeid-ChIJ-9fCcIo9aTQR6kgSIlbD48o_idx-6.jpg,跳色,圓形（Round）,"酒紅色, 銀色","光澤（Glossy）, 亮片（Glitter）",,簡約
photo_placeid-ChIJ-9fCcIo9aTQR6kgSIlbD48o_idx-9.jpg,"跳色, 手繪",,"紅色, 綠色, 白色",光澤（Glossy）,,繽紛
photo_placeid-ChIJ-9fCcIo9aTQR6kgSIlbD48o_idx-4.jpg,單色,,白色,光澤（Glossy）,"金屬飾片（Metal pieces）, 水鑽（Rhinestone）",簡約
photo_placeid-ChIJ02Do1xA9aTQRCET08--fcCc_idx-5.jpg,手繪,方圓形（Squoval）,裸粉色,光澤（Glossy）,金屬飾片（Metal pieces）,優雅
photo_placeid-ChIJ-05GUi1NaDQRs3MAvypNNzs_idx-1.jpg,"跳色, 手繪",方圓形（Squoval）,"白色, 裸粉色",光澤（Glossy）,畫圖章（Stamp）,可愛
photo_placeid-ChIJ02Do1xA9aTQRCET08--fcCc_idx-2.jpg,"法式, 單色",橢圓形（Oval）,"白色, 裸粉色",光澤（Glossy）,"水鑽（Rhinestone）, 畫圖章（Stamp）",優雅
photo_placeid-ChIJ02Do1xA9aTQRCET08--fcCc_idx-6.jpg,鏡面,橢圓形（Oval）,"白色, 金屬銀","亮片（Glitter）, 金屬箔（Foil）",,優雅
photo_placeid-ChIJ02Do1xA9aTQRCET08--fcCc_idx-8.jpg,跳色,,"紅色, 橙色, 裸粉色","光澤（Glossy）, 珠光（Pearlescent）",,
photo_placeid-ChIJ02Do1xA9aTQRCET08--fcCc_idx-7.jpg,"手繪, 單色",方圓形（Squoval）,"粉色, 裸粉色",光澤（Glossy）,金屬飾片（Metal pieces）,優雅
photo_placeid-ChIJ02KxL7Y9aTQRFO5O5YYz2Ac_idx-2.jpg,法式,橢圓形（Oval）,"裸粉色, 白色",光澤（Glossy）,水鑽（Rhinestone）,優雅
photo_placeid-ChIJ02KxL7Y9aTQRFO5O5YYz2Ac_idx-10.jpg,法式,橢圓形（Oval）,"裸粉色, 白色, 銀色",光澤（Glossy）,,優雅
photo_placeid-ChIJ02KxL7Y9aTQRFO5O5YYz2Ac_idx-3.jpg,手繪,尖形（Stiletto）,金屬銀,"亮片（Glitter）, 金屬箔（Foil）","雕花（3D art）, 金屬飾片（Metal pieces）",優雅
photo_placeid-ChIJ02Do1xA9aTQRCET08--fcCc_idx-9.jpg,漸層,橢圓形（Oval）,"紅色, 金屬銀","光澤（Glossy）, 亮片（Glitter）",金屬飾片（Metal pieces）,優雅
photo_placeid-ChIJ02KxL7Y9aTQRFO5O5YYz2Ac_idx-4.jpg,"手繪, 跳色",,"白色, 藍色, 粉色, 黑色",光澤（Glossy）,,"日系, 簡約"
photo_placeid-ChIJ02KxL7Y9aTQRFO5O5YYz2Ac_idx-5.jpg,跳色,方形（Square）,"紅色, 白色","光澤（Glossy）, 亮片（Glitter）",,簡約
photo_placeid-ChIJ041PexqpQjQRNBrbh6HdMJs_idx-1.jpg,"跳色, 手繪",橢圓形（Oval）,"棕色, 裸粉色, 金屬銀",光澤（Glossy）,金屬箔（Foil）,優雅
photo_placeid-ChIJ02KxL7Y9aTQRFO5O5YYz2Ac_idx-7.jpg,"跳色, 手繪",橢圓形（Oval）,"藍色, 白色",光澤（Glossy）,"金屬飾片（Metal pieces）, 畫圖章（Stamp）",優雅
photo_placeid-ChIJ02KxL7Y9aTQRFO5O5YYz2Ac_idx-6.jpg,跳色,橢圓形（Oval）,"裸粉色, 金屬銀","光澤（Glossy）, 金屬箔（Foil）",,"春, 優雅"
photo_placeid-ChIJ041PexqpQjQRNBrbh6HdMJs_idx-10.jpg,單色,橢圓形（Oval）,藍色,光澤（Glossy）,,簡約
photo_placeid-ChIJ041PexqpQjQRNBrbh6HdMJs_idx-3.jpg,手繪,橢圓形（Oval）,"藍色, 裸粉色",光澤（Glossy）,,優雅
photo_placeid-ChIJ041PexqpQjQRNBrbh6HdMJs_idx-2.jpg,跳色,橢圓形（Oval）,"藍色, 橙色, 裸粉色",光澤（Glossy）,金屬飾片（Metal pieces）,簡約
photo_placeid-ChIJ041PexqpQjQRNBrbh6HdMJs_idx-4.jpg,單色,橢圓形（Oval）,紅色,光澤（Glossy）,,優雅
photo_placeid-ChIJ041PexqpQjQRNBrbh6HdMJs_idx-5.jpg,"手繪, 跳色",橢圓形（Oval）,"橙色, 白色, 黃色",光澤（Glossy）,貼紙（Sticker）,"春, 可愛"
photo_placeid-ChIJ041PexqpQjQRNBrbh6HdMJs_idx-7.jpg,跳色,橢圓形（Oval）,裸粉色,光澤（Glossy）,,
photo_placeid-ChIJ041PexqpQjQRNBrbh6HdMJs_idx-9.jpg,"跳色, 手繪",方圓形（Squoval）,"紅色, 白色, 裸粉色",光澤（Glossy）,畫圖章（Stamp）,可愛
photo_placeid-ChIJ05z3RlMfaDQRJR9tkt2udVM_idx-1.jpg,跳色,圓形（Round）,"綠色, 亮片","光澤（Glossy）, 亮片（Glitter）",,簡約
photo_placeid-ChIJ041PexqpQjQRNBrbh6HdMJs_idx-8.jpg,單色,橢圓形（Oval）,裸粉色,光澤（Glossy）,,"簡約, 優雅"
photo_placeid-ChIJ041PexqpQjQRNBrbh6HdMJs_idx-6.jpg,手繪,橢圓形（Oval）,"白色, 藍色",光澤（Glossy）,,簡約
photo_placeid-ChIJ05z3RlMfaDQRJR9tkt2udVM_idx-10.jpg,跳色,方圓形（Squoval）,"紅色, 裸粉色",光澤（Glossy）,"水鑽（Rhinestone）, 畫圖章（Stamp）",可愛
photo_placeid-ChIJ05z3RlMfaDQRJR9tkt2udVM_idx-2.jpg,跳色,方圓形（Squoval）,"裸粉色, 金屬銀","光澤（Glossy）, 亮片（Glitter）","水鑽（Rhinestone）, 金屬飾片（Metal pieces）",優雅
photo_placeid-ChIJ05z3RlMfaDQRJR9tkt2udVM_idx-3.jpg,"法式, 手繪",方圓形（Squoval）,"白色, 黃色, 裸粉色",光澤（Glossy）,畫圖章（Stamp）,"優雅, 簡約"
photo_placeid-ChIJ05z3RlMfaDQRJR9tkt2udVM_idx-4.jpg,法式,橢圓形（Oval）,"裸粉色, 紅色, 銀色","光澤（Glossy）, 亮片（Glitter）",金屬箔（Foil）,優雅
photo_placeid-ChIJ05z3RlMfaDQRJR9tkt2udVM_idx-5.jpg,"跳色, 手繪",橢圓形（Oval）,"白色, 橙色, 藍色","光澤（Glossy）, 亮片（Glitter）",貼紙（Sticker）,"秋, 可愛"
photo_placeid-ChIJ05z3RlMfaDQRJR9tkt2udVM_idx-7.jpg,跳色,方圓形（Squoval）,"黑色, 灰色",光澤（Glossy）,,優雅
photo_placeid-ChIJ05z3RlMfaDQRJR9tkt2udVM_idx-6.jpg,"跳色, 手繪",橢圓形（Oval）,"白色, 灰色, 裸粉色",光澤（Glossy）,"雕花（3D art）, 貼紙（Sticker）","優雅, 秋"
photo_placeid-ChIJ05z3RlMfaDQRJR9tkt2udVM_idx-8.jpg,手繪,方圓形（Squoval）,"紅色, 白色",光澤（Glossy）,,"可愛, 冬"
photo_placeid-ChIJ07jQUA01aDQRDOaiaNB255Y_idx-1.jpg,單色,橢圓形（Oval）,裸粉色,光澤（Glossy）,水鑽（Rhinestone）,優雅
photo_placeid-ChIJ07jQUA01aDQRDOaiaNB255Y_idx-10.jpg,跳色,圓形（Round）,"藍色, 白色","光澤（Glossy）, 亮片（Glitter）",,優雅
photo_placeid-ChIJ05z3RlMfaDQRJR9tkt2udVM_idx-9.jpg,漸層,方圓形（Squoval）,"粉色, 藍色",光澤（Glossy）,金屬飾片（Metal pieces）,優雅
photo_placeid-ChIJ07jQUA01aDQRDOaiaNB255Y_idx-3.jpg,"法式, 跳色",方圓形（Squoval）,"黑色, 裸粉色, 金屬銀",亮片（Glitter）,,優雅
photo_placeid-ChIJ07jQUA01aDQRDOaiaNB255Y_idx-5.jpg,手繪,圓形（Round）,"裸粉色, 灰色",霧面（Matte）,畫圖章（Stamp）,"簡約, 優雅"
photo_placeid-ChIJ07jQUA01aDQRDOaiaNB255Y_idx-6.jpg,跳色,圓形（Round）,"紅色, 裸粉色","光澤（Glossy）, 亮片（Glitter）",,秋
photo_placeid-ChIJ07jQUA01aDQRDOaiaNB255Y_idx-7.jpg,"法式, 手繪",橢圓形（Oval）,"紅色, 白色",光澤（Glossy）,,"優雅, 日系"
photo_placeid-ChIJ07jQUA01aDQRDOaiaNB255Y_idx-8.jpg,"跳色, 手繪",,"紅色, 綠色, 白色",光澤（Glossy）,,"冬, 可愛"
photo_placeid-ChIJ0a1Nui-3bjQRJP3FQQkzwK8_idx-1.jpg,跳色,橢圓形（Oval）,"紅色, 裸粉色, 金屬銀","光澤（Glossy）, 亮片（Glitter）",,優雅
photo_placeid-ChIJ07jQUA01aDQRDOaiaNB255Y_idx-4.jpg,單色,圓形（Round）,裸粉色,光澤（Glossy）,,日常
photo_placeid-ChIJ07jQUA01aDQRDOaiaNB255Y_idx-9.jpg,跳色,橢圓形（Oval）,"紅色, 裸粉色",光澤（Glossy）,貝殼（Shell）,優雅
photo_placeid-ChIJ0a1Nui-3bjQRJP3FQQkzwK8_idx-10.jpg,單色,橢圓形（Oval）,裸粉色,光澤（Glossy）,,"日常, 簡約"
photo_placeid-ChIJ0a1Nui-3bjQRJP3FQQkzwK8_idx-6.jpg,手繪,圓形（Round）,"白色, 黑色, 裸粉色",光澤（Glossy）,,可愛
photo_placeid-ChIJ0a1Nui-3bjQRJP3FQQkzwK8_idx-5.jpg,手繪,,裸粉色,光澤（Glossy）,"水鑽（Rhinestone）, 雕花（3D art）",優雅
photo_placeid-ChIJ0a1Nui-3bjQRJP3FQQkzwK8_idx-3.jpg,單色,尖形（Stiletto）,"黑色, 灰色, 金屬銀","光澤（Glossy）, 亮片（Glitter）","水鑽（Rhinestone）, 金屬飾片（Metal pieces）","優雅, 歐美風"
photo_placeid-ChIJ0a1Nui-3bjQRJP3FQQkzwK8_idx-8.jpg,"跳色, 手繪",方圓形（Squoval）,"藍色, 灰色, 黑色",光澤（Glossy）,,"日系, 簡約"
photo_placeid-ChIJ0a1Nui-3bjQRJP3FQQkzwK8_idx-7.jpg,跳色,橢圓形（Oval）,"黑色, 灰色, 裸粉色","光澤（Glossy）, 金屬箔（Foil）",金屬飾片（Metal pieces）,簡約
photo_placeid-ChIJ0bBMe2ufaDQRoGpi0or7FKU_idx-2.jpg,貓眼,,綠色,光澤（Glossy）,雕花（3D art）,
photo_placeid-ChIJ0bBMe2ufaDQRoGpi0or7FKU_idx-6.jpg,"跳色, 手繪",,"藍色, 白色, 粉色",光澤,雕花（3D art）,可愛
photo_placeid-ChIJ0bBMe2ufaDQRoGpi0or7FKU_idx-3.jpg,跳色,圓形（Round）,"紅色, 粉色, 黑色","光澤（Glossy）, 亮片（Glitter）",,
photo_placeid-ChIJ0bBMe2ufaDQRoGpi0or7FKU_idx-8.jpg,跳色,圓形（Round）,裸粉色,"亮片（Glitter）, 光澤（Glossy）",,簡約
photo_placeid-ChIJ0bBMe2ufaDQRoGpi0or7FKU_idx-10.jpg,跳色,圓形（Round）,"粉色, 棕色",亮片（Glitter）,,日常
photo_placeid-ChIJ0bBMe2ufaDQRoGpi0or7FKU_idx-1.jpg,"跳色, 鏡面, 手繪",橢圓形（Oval）,"金屬銀, 粉色",亮片（Glitter）,"水鑽（Rhinestone）, 貼紙（Sticker）",可愛
photo_placeid-ChIJ0bBMe2ufaDQRoGpi0or7FKU_idx-9.jpg,漸層,橢圓形（Oval）,紅色,光澤（Glossy）,畫圖章（Stamp）,
photo_placeid-ChIJ0dCSY8Y9aTQRVjOkvoImGT8_idx-1.jpg,"跳色, 鏡面",橢圓形（Oval）,"紅色, 黑色, 白色, 金屬銀","光澤（Glossy）, 亮片（Glitter）",水鑽（Rhinestone）,"優雅, 歐美風"
photo_placeid-ChIJ0dCSY8Y9aTQRVjOkvoImGT8_idx-2.jpg,漸層,方圓形（Squoval）,"裸粉色, 灰色",亮片（Glitter）,,優雅
photo_placeid-ChIJ0dCSY8Y9aTQRVjOkvoImGT8_idx-10.jpg,,橢圓形（Oval）,"藍色, 金屬銀",亮片（Glitter）,金屬飾片（Metal pieces）,優雅
photo_placeid-ChIJ0dCSY8Y9aTQRVjOkvoImGT8_idx-4.jpg,"單色, 手繪",橢圓形（Oval）,"裸粉色, 黑色",光澤（Glossy）,畫圖章（Stamp）,"簡約, 日常"
photo_placeid-ChIJ0dCSY8Y9aTQRVjOkvoImGT8_idx-8.jpg,跳色,橢圓形（Oval）,"紅色, 金屬銀",亮片（Glitter）,,日系
photo_placeid-ChIJ0dCSY8Y9aTQRVjOkvoImGT8_idx-6.jpg,跳色,橢圓形（Oval）,白色,亮片（Glitter）,,優雅
photo_placeid-ChIJ0dCSY8Y9aTQRVjOkvoImGT8_idx-9.jpg,"跳色, 手繪",尖形（Stiletto）,"紅色, 白色, 金屬銀","亮片（Glitter）, 光澤（Glossy）",金屬飾片（Metal pieces）,優雅
photo_placeid-ChIJ0dVNDvStaTQRSNxqazINiqY_idx-1.jpg,跳色,橢圓形（Oval）,"白色, 裸粉色","光澤（Glossy）, 金屬箔（Foil）",,優雅
photo_placeid-ChIJ0dVNDvStaTQRSNxqazINiqY_idx-10.jpg,"跳色, 鏡面",方圓形（Squoval）,"白色, 金屬銀",光澤（Glossy）,,"簡約, 優雅"
photo_placeid-ChIJ0dVNDvStaTQRSNxqazINiqY_idx-3.jpg,跳色,橢圓形（Oval）,"裸粉色, 金屬銀, 紅色",亮片（Glitter）,,優雅
photo_placeid-ChIJ0dVNDvStaTQRSNxqazINiqY_idx-5.jpg,單色,橢圓形（Oval）,裸粉色,光澤（Glossy）,,日常
photo_placeid-ChIJ0dVNDvStaTQRSNxqazINiqY_idx-6.jpg,單色,橢圓形（Oval）,白色,珠光（Pearlescent）,,優雅
photo_placeid-ChIJ0dVNDvStaTQRSNxqazINiqY_idx-4.jpg,"單色, 手繪",方圓形（Squoval）,"裸粉色, 白色",光澤（Glossy）,,"簡約, 春"
photo_placeid-ChIJ0Wt_H9s1aDQRexvxHW0GQes_idx-1.jpg,漸層,橢圓形（Oval）,裸粉色,光澤（Glossy）,,簡約
photo_placeid-ChIJ0dVNDvStaTQRSNxqazINiqY_idx-7.jpg,"跳色, 鏡面",尖形（Stiletto）,"粉色, 金屬銀, 紫色","光澤（Glossy）, 亮片（Glitter）",貼紙（Sticker）,"日系, 繽紛"
photo_placeid-ChIJ0dVNDvStaTQRSNxqazINiqY_idx-8.jpg,跳色,橢圓形（Oval）,"藍色, 灰色",光澤（Glossy）,,簡約
photo_placeid-ChIJ0dVNDvStaTQRSNxqazINiqY_idx-9.jpg,"鏡面, 單色",方圓形（Squoval）,"黑色, 金屬銀",光澤（Glossy）,,簡約
photo_placeid-ChIJ0Wt_H9s1aDQRexvxHW0GQes_idx-10.jpg,單色,,紅色,光澤（Glossy）,,日常
photo_placeid-ChIJ0Wt_H9s1aDQRexvxHW0GQes_idx-5.jpg,,,,,,
photo_placeid-ChIJ0Wt_H9s1aDQRexvxHW0GQes_idx-8.jpg,"跳色, 手繪",橢圓形（Oval）,"藍色, 黑色",光澤（Glossy）,,簡約
photo_placeid-ChIJ0Wt_H9s1aDQRexvxHW0GQes_idx-9.jpg,"漸層, 跳色",橢圓形（Oval）,"紫色, 白色",光澤（Glossy）,金屬飾片（Metal pieces）,簡約
photo_placeid-ChIJ0XkTLSuraTQRnP6ROZrZ1ts_idx-2.jpg,跳色,,"藍色, 金屬銀","亮片（Glitter）, 光澤（Glossy）",,優雅
photo_placeid-ChIJ0XkTLSuraTQRnP6ROZrZ1ts_idx-3.jpg,"跳色, 手繪",方圓形（Squoval）,"裸粉色, 白色, 紅色",光澤（Glossy）,畫圖章（Stamp）,"優雅, 日系"
photo_placeid-ChIJ0XkTLSuraTQRnP6ROZrZ1ts_idx-4.jpg,跳色,橢圓形（Oval）,"白色, 粉色, 金屬銀","光澤（Glossy）, 亮片（Glitter）, 金屬箔（Foil）",,優雅
photo_placeid-ChIJ0Wt_H9s1aDQRexvxHW0GQes_idx-4.jpg,跳色,方圓形（Squoval）,"黑色, 灰色",光澤（Glossy）,畫圖章（Stamp）,優雅
photo_placeid-ChIJ0XkTLSuraTQRnP6ROZrZ1ts_idx-10.jpg,跳色,尖形（Stiletto）,"灰色, 白色, 黑色",光澤（Glossy）,貼紙（Sticker）,簡約
photo_placeid-ChIJ0XkTLSuraTQRnP6ROZrZ1ts_idx-7.jpg,手繪,橢圓形（Oval）,裸粉色,光澤（Glossy）,金屬飾片（Metal pieces）,優雅
photo_placeid-ChIJ0XkTLSuraTQRnP6ROZrZ1ts_idx-6.jpg,手繪,方圓形（Squoval）,"粉色, 白色",光澤（Glossy）,,"優雅, 可愛"
photo_placeid-ChIJ0XkTLSuraTQRnP6ROZrZ1ts_idx-5.jpg,貓眼,方形（Square）,粉色,光澤（Glossy）,,日系
photo_placeid-ChIJ0ydvun7nZzQRiArEkdPAj7M_idx-10.jpg,單色,圓形（Round）,灰色,光澤（Glossy）,,日常
photo_placeid-ChIJ0XkTLSuraTQRnP6ROZrZ1ts_idx-8.jpg,"跳色, 漸層",橢圓形（Oval）,"藍色, 粉色","光澤（Glossy）, 亮片（Glitter）",,優雅
photo_placeid-ChIJ0ZhyJls5aTQRTy1UpuVmZZo_idx-1.jpg,跳色,,"紅色, 白色","光澤（Glossy）, 亮片（Glitter）",雕花（3D art）,
photo_placeid-ChIJ0ZhyJls5aTQRTy1UpuVmZZo_idx-4.jpg,漸層,尖形（Stiletto）,"靛色, 銀色","光澤（Glossy）, 亮片（Glitter）",,
photo_placeid-ChIJ0ZhyJls5aTQRTy1UpuVmZZo_idx-5.jpg,法式,方圓形（Squoval）,"白色, 裸粉色",光澤（Glossy）,,"優雅, 簡約"
photo_placeid-ChIJ0XkTLSuraTQRnP6ROZrZ1ts_idx-9.jpg,單色,橢圓形（Oval）,金屬銀,珠光（Pearlescent）,,
photo_placeid-ChIJ0ZhyJls5aTQRTy1UpuVmZZo_idx-7.jpg,法式,方圓形（Squoval）,"白色, 裸粉色",光澤（Glossy）,,優雅
photo_placeid-ChIJ0ZhyJls5aTQRTy1UpuVmZZo_idx-6.jpg,單色,方圓形（Squoval）,裸粉色,光澤（Glossy）,,"簡約, 優雅"
photo_placeid-ChIJ13pflLqfaDQRgmZbTQrlbFE_idx-1.jpg,單色,橢圓形（Oval）,裸粉色,光澤（Glossy）,,"日常, 簡約"
photo_placeid-ChIJ0ZhyJls5aTQRTy1UpuVmZZo_idx-8.jpg,跳色,方圓形（Squoval）,"藍色, 白色",霧面（Matte）,金屬飾片（Metal pieces）,優雅
photo_placeid-ChIJ13pflLqfaDQRgmZbTQrlbFE_idx-3.jpg,法式,方圓形（Squoval）,"粉色, 白色",光澤（Glossy）,貼紙（Sticker）,優雅
photo_placeid-ChIJ13pflLqfaDQRgmZbTQrlbFE_idx-4.jpg,單色,圓形（Round）,裸粉色,光澤（Glossy）,,"優雅, 日常"
photo_placeid-ChIJ13pflLqfaDQRgmZbTQrlbFE_idx-5.jpg,漸層,方圓形（Squoval）,"粉色, 白色",亮片（Glitter）,,可愛
photo_placeid-ChIJ13pflLqfaDQRgmZbTQrlbFE_idx-6.jpg,跳色,方圓形（Squoval）,"裸粉色, 灰色, 金屬銀","光澤（Glossy）, 金屬箔（Foil）",,優雅
photo_placeid-ChIJ0ZhyJls5aTQRTy1UpuVmZZo_idx-9.jpg,跳色,橢圓形（Oval）,"粉色, 裸粉色","光澤（Glossy）, 亮片（Glitter）",,可愛
photo_placeid-ChIJ13pflLqfaDQRgmZbTQrlbFE_idx-8.jpg,手繪,圓形（Round）,"裸粉色, 紅色, 橙色, 黑色",光澤（Glossy）,,日系
photo_placeid-ChIJ13pflLqfaDQRgmZbTQrlbFE_idx-10.jpg,"跳色, 手繪",橢圓形（Oval）,"粉色, 白色, 黑色",光澤（Glossy）,,"優雅, 日系"
photo_placeid-ChIJ17j90484aTQRMkySUZCAmIQ_idx-1.jpg,"跳色, 法式",方圓形（Squoval）,"紅色, 白色, 裸粉色, 金屬銀","光澤（Glossy）, 亮片（Glitter）","金屬飾片（Metal pieces）, 貝殼（Shell）",優雅
photo_placeid-ChIJ17j90484aTQRMkySUZCAmIQ_idx-10.jpg,"跳色, 漸層",圓形（Round）,"白色, 粉色, 金屬銀","亮片（Glitter）, 光澤（Glossy）",,優雅
photo_placeid-ChIJ13pflLqfaDQRgmZbTQrlbFE_idx-9.jpg,法式,方圓形（Squoval）,"粉色, 藍色",光澤（Glossy）,,簡約
photo_placeid-ChIJ17j90484aTQRMkySUZCAmIQ_idx-3.jpg,"法式, 手繪",尖形（Stiletto）,"黑色, 裸粉色, 棕色",光澤（Glossy）,,"歐美風, 優雅"
photo_placeid-ChIJ17j90484aTQRMkySUZCAmIQ_idx-5.jpg,"跳色, 手繪",橢圓形（Oval）,"藍色, 黃色, 裸粉色","光澤（Glossy）, 亮片（Glitter）",金屬飾片（Metal pieces）,"春, 繽紛"
photo_placeid-ChIJ17j90484aTQRMkySUZCAmIQ_idx-8.jpg,"跳色, 手繪",方圓形（Squoval）,"紅色, 白色",光澤（Glossy）,"水鑽（Rhinestone）, 畫圖章（Stamp）","繽紛, 可愛"
photo_placeid-ChIJ17j90484aTQRMkySUZCAmIQ_idx-4.jpg,手繪,,"黃色, 灰色, 白色",光澤（Glossy）,,可愛
photo_placeid-ChIJ13pflLqfaDQRgmZbTQrlbFE_idx-7.jpg,單色,橢圓形（Oval）,橙色,光澤（Glossy）,,日常
photo_placeid-ChIJ1es8h9IYaDQREBnN8jRyjsk_idx-1.jpg,"跳色, 手繪",圓形（Round）,"綠色, 金屬銀","光澤（Glossy）, 亮片（Glitter）",貼紙（Sticker）,"可愛, 春"
photo_placeid-ChIJ17j90484aTQRMkySUZCAmIQ_idx-9.jpg,跳色,尖形（Stiletto）,"紅色, 白色",光澤（Glossy）,,優雅
photo_placeid-ChIJ1es8h9IYaDQREBnN8jRyjsk_idx-10.jpg,單色,,"裸粉色, 白色, 金屬銀","光澤（Glossy）, 金屬箔（Foil）",,簡約
photo_placeid-ChIJ1es8h9IYaDQREBnN8jRyjsk_idx-2.jpg,單色,圓形（Round）,裸粉色,光澤（Glossy）,,"簡約, 優雅"
photo_placeid-ChIJ1es8h9IYaDQREBnN8jRyjsk_idx-7.jpg,單色,橢圓形（Oval）,白色,光澤（Glossy）,,簡約
photo_placeid-ChIJ1es8h9IYaDQREBnN8jRyjsk_idx-3.jpg,單色,圓形（Round）,"裸粉色, 橙色",光澤（Glossy）,,簡約
photo_placeid-ChIJ1es8h9IYaDQREBnN8jRyjsk_idx-8.jpg,跳色,橢圓形（Oval）,"綠色, 黃色",霧面（Matte）,,簡約
photo_placeid-ChIJ1es8h9IYaDQREBnN8jRyjsk_idx-9.jpg,跳色,橢圓形（Oval）,"紅色, 裸粉色",光澤（Glossy）,金屬飾片（Metal pieces）,優雅
photo_placeid-ChIJ1es8h9IYaDQREBnN8jRyjsk_idx-5.jpg,"單色, 手繪",方圓形（Squoval）,"裸粉色, 白色",光澤（Glossy）,,簡約
photo_placeid-ChIJ1TMnNwCxbjQRY4TFoiWrxRk_idx-10.jpg,單色,方圓形（Squoval）,裸粉色,"光澤（Glossy）, 亮片（Glitter）",水鑽（Rhinestone）,優雅
photo_placeid-ChIJ1TMnNwCxbjQRY4TFoiWrxRk_idx-2.jpg,跳色,橢圓形（Oval）,"紅色, 裸粉色, 灰色","光澤（Glossy）, 亮片（Glitter）",,"秋, 優雅"
photo_placeid-ChIJ1TMnNwCxbjQRY4TFoiWrxRk_idx-3.jpg,漸層,方圓形（Squoval）,"灰色, 裸粉色, 金屬銀","光澤（Glossy）, 亮片（Glitter）",,優雅
photo_placeid-ChIJ1TMnNwCxbjQRY4TFoiWrxRk_idx-5.jpg,單色,橢圓形（Oval）,紅色,光澤（Glossy）,,優雅
photo_placeid-ChIJ1TMnNwCxbjQRY4TFoiWrxRk_idx-4.jpg,法式,尖形（Stiletto）,"白色, 裸粉色","光澤（Glossy）, 亮片（Glitter）",水鑽（Rhinestone）,優雅
photo_placeid-ChIJ1TMnNwCxbjQRY4TFoiWrxRk_idx-9.jpg,漸層,橢圓形（Oval）,"裸粉色, 金屬銀","珠光（Pearlescent）, 亮片（Glitter）",水鑽（Rhinestone）,優雅
photo_placeid-ChIJ1UlS-pA4aTQR9648sRjqzvk_idx-7.jpg,"跳色, 手繪",,"黃色, 黑色, 白色",亮片（Glitter）,金屬飾片（Metal pieces）,可愛
photo_placeid-ChIJ1UlS-pA4aTQR9648sRjqzvk_idx-8.jpg,單色,圓形（Round）,裸粉色,光澤（Glossy）,金屬飾片（Metal pieces）,優雅
photo_placeid-ChIJ1UlS-pA4aTQR9648sRjqzvk_idx-9.jpg,單色,橢圓形（Oval）,裸粉色,光澤（Glossy）,,優雅
photo_placeid-ChIJ1TMnNwCxbjQRY4TFoiWrxRk_idx-6.jpg,"單色, 跳色",方圓形（Squoval）,"裸粉色, 灰色","光澤（Glossy）, 亮片（Glitter）",金屬箔（Foil）,優雅
photo_placeid-ChIJ22nKDDZNaDQR9t3kQ8nQNEM_idx-10.jpg,"跳色, 手繪",圓形（Round）,"裸粉色, 白色",光澤（Glossy）,金屬飾片（Metal pieces）,優雅
photo_placeid-ChIJ22nKDDZNaDQR9t3kQ8nQNEM_idx-2.jpg,手繪,尖形（Stiletto）,"黑色, 白色, 裸粉色",光澤（Glossy）,金屬飾片（Metal pieces）,優雅
photo_placeid-ChIJ1TMnNwCxbjQRY4TFoiWrxRk_idx-1.jpg,跳色,尖形（Stiletto）,"金屬銀, 裸粉色","光澤（Glossy）, 亮片（Glitter）","水鑽（Rhinestone）, 金屬飾片（Metal pieces）",優雅
photo_placeid-ChIJ22nKDDZNaDQR9t3kQ8nQNEM_idx-1.jpg,貓眼,尖形（Stiletto）,"紅色, 裸粉色, 金屬銀","光澤（Glossy）, 金屬箔（Foil）","雕花（3D art）, 水鑽（Rhinestone）","優雅, 冬"
photo_placeid-ChIJ22nKDDZNaDQR9t3kQ8nQNEM_idx-7.jpg,"鏡面, 單色",橢圓形（Oval）,"金屬銀, 裸粉色","珠光（Pearlescent）, 亮片（Glitter）","雕花（3D art）, 金屬飾片（Metal pieces）",優雅
photo_placeid-ChIJ2bFqu985aTQRV-8qFXei_Cs_idx-2.jpg,跳色,橢圓形（Oval）,"裸粉色, 灰色, 白色, 金屬銀","亮片（Glitter）, 光澤（Glossy）, 珠光（Pearlescent）",,簡約
photo_placeid-ChIJ22nKDDZNaDQR9t3kQ8nQNEM_idx-6.jpg,"跳色, 手繪",橢圓形（Oval）,"粉色, 白色, 黃色",光澤（Glossy）,,優雅
photo_placeid-ChIJ22nKDDZNaDQR9t3kQ8nQNEM_idx-3.jpg,"單色, 手繪",方圓形（Squoval）,"裸粉色, 白色, 金屬銀","光澤（Glossy）, 亮片（Glitter）",雕花（3D art）,優雅
photo_placeid-ChIJ2bFqu985aTQRV-8qFXei_Cs_idx-4.jpg,單色,圓形（Round）,裸粉色,"光澤（Glossy）, 亮片（Glitter）",,簡約
photo_placeid-ChIJ2bFqu985aTQRV-8qFXei_Cs_idx-6.jpg,,橢圓形（Oval）,"裸粉色, 白色, 棕色",光澤（Glossy）,貝殼（Shell）,優雅
photo_placeid-ChIJ2bFqu985aTQRV-8qFXei_Cs_idx-7.jpg,法式,橢圓形（Oval）,"裸粉色, 白色",光澤（Glossy）,,簡約
photo_placeid-ChIJ2dVfU-0faDQR0exoXHK0Ojw_idx-10.jpg,貓眼,橢圓形（Oval）,"紅色, 橙色",光澤（Glossy）,金屬箔（Foil）,優雅
photo_placeid-ChIJ2bFqu985aTQRV-8qFXei_Cs_idx-10.jpg,跳色,橢圓形（Oval）,"藍色, 粉色, 黃色, 裸粉色",光澤（Glossy）,,"日常, 簡約"
photo_placeid-ChIJ2dVfU-0faDQR0exoXHK0Ojw_idx-3.jpg,漸層,圓形（Round）,裸粉色,"光澤（Glossy）, 亮片（Glitter）",,優雅
photo_placeid-ChIJ2dVfU-0faDQR0exoXHK0Ojw_idx-4.jpg,"鏡面, 手繪",方圓形（Squoval）,"黑色, 金屬銀",光澤（Glossy）,金屬飾片（Metal pieces）,優雅
photo_placeid-ChIJ2dVfU-0faDQR0exoXHK0Ojw_idx-2.jpg,漸層,橢圓形（Oval）,裸粉色,"光澤（Glossy）, 亮片（Glitter）",,優雅
photo_placeid-ChIJ2dVfU-0faDQR0exoXHK0Ojw_idx-6.jpg,手繪,尖形（Stiletto）,"黑色, 白色",光澤（Glossy）,水鑽（Rhinestone）,日系
photo_placeid-ChIJ2dVfU-0faDQR0exoXHK0Ojw_idx-1.jpg,跳色,尖形（Stiletto）,"黑色, 白色","霧面（Matte）, 亮片（Glitter）",,簡約
photo_placeid-ChIJ2dVfU-0faDQR0exoXHK0Ojw_idx-8.jpg,"跳色, 手繪",尖形（Stiletto）,"黑色, 白色, 裸粉色",光澤（Glossy）,貼紙（Sticker）,"簡約, 可愛"
photo_placeid-ChIJ2dVfU-0faDQR0exoXHK0Ojw_idx-9.jpg,"手繪, 跳色",,"紅色, 白色",亮片,"水鑽, 雕花","可愛, 冬"
photo_placeid-ChIJ2w-c29KfaDQRwv7NSPgYDC0_idx-1.jpg,跳色,,"紅色, 金屬銀",亮片（Glitter）,畫圖章（Stamp）,優雅
photo_placeid-ChIJ2w-c29KfaDQRwv7NSPgYDC0_idx-10.jpg,跳色,橢圓形（Oval）,"白色, 黃色, 金屬銀",光澤（Glossy）,畫圖章（Stamp）,簡約
photo_placeid-ChIJ2w-c29KfaDQRwv7NSPgYDC0_idx-2.jpg,漸層,橢圓形（Oval）,裸粉色,"光澤（Glossy）, 亮片（Glitter）",金屬飾片（Metal pieces）,簡約
photo_placeid-ChIJ2w-c29KfaDQRwv7NSPgYDC0_idx-3.jpg,漸層,橢圓形（Oval）,"黑色, 灰色",光澤（Glossy）,,
photo_placeid-ChIJ2dVfU-0faDQR0exoXHK0Ojw_idx-7.jpg,跳色,橢圓形（Oval）,"黑色, 白色",光澤（Glossy）,"雕花（3D art）, 水鑽（Rhinestone）",優雅
photo_placeid-ChIJ2w-c29KfaDQRwv7NSPgYDC0_idx-4.jpg,"法式, 手繪",橢圓形（Oval）,"裸粉色, 白色, 金屬銀",光澤（Glossy）,,優雅
photo_placeid-ChIJ2w-c29KfaDQRwv7NSPgYDC0_idx-6.jpg,手繪,圓形（Round）,裸粉色,光澤（Glossy）,貼紙（Sticker）,可愛
photo_placeid-ChIJ2dVfU-0faDQR0exoXHK0Ojw_idx-5.jpg,漸層,方形（Square）,紅色,光澤（Glossy）,"水鑽（Rhinestone）, 金屬飾片（Metal pieces）",優雅
photo_placeid-ChIJ2w-c29KfaDQRwv7NSPgYDC0_idx-8.jpg,"跳色, 手繪",橢圓形（Oval）,"紅色, 白色, 金屬銀, 裸粉色","光澤（Glossy）, 亮片（Glitter）",金屬飾片（Metal pieces）,"可愛, 優雅"
photo_placeid-ChIJ2yVYqAQfaDQRSK2oDCxBCQs_idx-1.jpg,"漸層, 跳色",橢圓形（Oval）,"黑色, 白色, 金屬銀",光澤（Glossy）,金屬飾片（Metal pieces）,優雅
photo_placeid-ChIJ2w-c29KfaDQRwv7NSPgYDC0_idx-5.jpg,"跳色, 手繪",圓形（Round）,"綠色, 白色, 棕色",光澤（Glossy）,,可愛
photo_placeid-ChIJ2w-c29KfaDQRwv7NSPgYDC0_idx-9.jpg,跳色,,"銀色, 裸粉色","光澤（Glossy）, 亮片（Glitter）",,
photo_placeid-ChIJ2w-c29KfaDQRwv7NSPgYDC0_idx-7.jpg,單色,橢圓形（Oval）,紅色,光澤（Glossy）,,"日常, 簡約"
photo_placeid-ChIJ2yVYqAQfaDQRSK2oDCxBCQs_idx-3.jpg,手繪,,"裸粉色, 白色, 黑色",光澤（Glossy）,,簡約
photo_placeid-ChIJ2yVYqAQfaDQRSK2oDCxBCQs_idx-5.jpg,,,,,,
photo_placeid-ChIJ2yVYqAQfaDQRSK2oDCxBCQs_idx-10.jpg,"跳色, 貓眼",橢圓形（Oval）,"黑色, 灰色, 金屬銀","光澤（Glossy）, 金屬箔（Foil）",金屬飾片（Metal pieces）,"優雅, 秋"
photo_placeid-ChIJ2yVYqAQfaDQRSK2oDCxBCQs_idx-9.jpg,單色,橢圓形（Oval）,紅色,光澤（Glossy）,,
photo_placeid-ChIJ2yVYqAQfaDQRSK2oDCxBCQs_idx-2.jpg,跳色,橢圓形（Oval）,"裸粉色, 白色",光澤（Glossy）,金屬飾片（Metal pieces）,"簡約, 優雅"
photo_placeid-ChIJ2yVYqAQfaDQRSK2oDCxBCQs_idx-6.jpg,"漸層, 貓眼",橢圓形（Oval）,"黑色, 灰色, 金屬銀","光澤（Glossy）, 金屬箔（Foil）",,
photo_placeid-ChIJ2zKyURWoQjQRN9TQr_E-tZk_idx-1.jpg,"單色, 跳色",椭圆形（Oval）,"裸粉色, 咖啡色","光澤（Glossy）, 亮片（Glitter）",雕花（3D art）,"秋, 優雅"
photo_placeid-ChIJ2zKyURWoQjQRN9TQr_E-tZk_idx-2.jpg,"跳色, 手繪",橢圓形（Oval）,"紅色, 橙色, 裸粉色",光澤（Glossy）,貼紙（Sticker）,"秋, 優雅"
photo_placeid-ChIJ2zKyURWoQjQRN9TQr_E-tZk_idx-3.jpg,單色,圓形（Round）,紅色,光澤（Glossy）,,"日常, 優雅"
photo_placeid-ChIJ2zKyURWoQjQRN9TQr_E-tZk_idx-4.jpg,"跳色, 手繪",圓形（Round）,"白色, 裸粉色",光澤（Glossy）,,可愛
photo_placeid-ChIJ2yVYqAQfaDQRSK2oDCxBCQs_idx-8.jpg,"跳色, 手繪",,"裸粉色, 白色",光澤（Glossy）,,"日常, 優雅"
photo_placeid-ChIJ2zKyURWoQjQRN9TQr_E-tZk_idx-6.jpg,跳色,橢圓形（Oval）,"橙色, 藍色",光澤（Glossy）,,夏
photo_placeid-ChIJ2zKyURWoQjQRN9TQr_E-tZk_idx-8.jpg,"跳色, 手繪",,"紅色, 白色, 金屬銀","亮片, 光澤","水鑽, 雕花",優雅
photo_placeid-ChIJ2zKyURWoQjQRN9TQr_E-tZk_idx-7.jpg,跳色,方圓形（Squoval）,"紫色, 裸粉色",光澤（Glossy）,金屬飾片（Metal pieces）,優雅
photo_placeid-ChIJ2zKyURWoQjQRN9TQr_E-tZk_idx-10.jpg,單色,,黑色,光澤（Glossy）,,日常
photo_placeid-ChIJ2zKyURWoQjQRN9TQr_E-tZk_idx-5.jpg,"跳色, 手繪",,"紅色, 藍色, 黃色",光澤（Glossy）,貼紙（Sticker）,可愛
photo_placeid-ChIJ2ZpXN1LJbjQRoCl-0e85bMg_idx-10.jpg,"跳色, 手繪",圓形（Round）,"藍色, 白色",光澤（Glossy）,,"簡約, 秋"
photo_placeid-ChIJ2zKyURWoQjQRN9TQr_E-tZk_idx-9.jpg,"跳色, 手繪",方圓形（Squoval）,"綠色, 白色",光澤（Glossy）,,簡約
photo_placeid-ChIJ2ZpXN1LJbjQRoCl-0e85bMg_idx-3.jpg,跳色,方圓形（Squoval）,"裸粉色, 黑色",光澤（Glossy）,,簡約
photo_placeid-ChIJ2ZpXN1LJbjQRoCl-0e85bMg_idx-5.jpg,手繪,方形（Square）,"粉色, 橙色, 白色, 黑色",光澤（Glossy）,,可愛
photo_placeid-ChIJ2ZpXN1LJbjQRoCl-0e85bMg_idx-4.jpg,"跳色, 手繪",方圓形（Squoval）,"裸粉色, 黑色, 白色",光澤（Glossy）,,可愛
photo_placeid-ChIJ2ZpXN1LJbjQRoCl-0e85bMg_idx-7.jpg,"跳色, 手繪",方形（Square）,"裸粉色, 白色","光澤（Glossy）, 珠光（Pearlescent）",水鑽（Rhinestone）,優雅
photo_placeid-ChIJ2ZpXN1LJbjQRoCl-0e85bMg_idx-8.jpg,"跳色, 手繪",方圓形（Squoval）,"藍色, 白色",光澤（Glossy）,,"春, 簡約"
photo_placeid-ChIJ2ZpXN1LJbjQRoCl-0e85bMg_idx-9.jpg,"跳色, 手繪",方圓形（Squoval）,"黑色, 裸粉色","光澤（Glossy）, 亮片（Glitter）",水鑽（Rhinestone）,"簡約, 優雅"
photo_placeid-ChIJ2zymrvs3aDQRNz5zacBsQ3k_idx-2.jpg,"鏡面, 手繪",橢圓形（Oval）,粉色,"光澤（Glossy）, 亮片（Glitter）","水鑽（Rhinestone）, 金屬飾片（Metal pieces）",優雅
photo_placeid-ChIJ2ZpXN1LJbjQRoCl-0e85bMg_idx-6.jpg,法式,橢圓形（Oval）,裸粉色,光澤（Glossy）,,簡約
photo_placeid-ChIJ2zymrvs3aDQRNz5zacBsQ3k_idx-6.jpg,單色,方形（Square）,白色,光澤（Glossy）,,優雅
photo_placeid-ChIJ3-4qAyixbjQR2B3RT2QM_zk_idx-10.jpg,"漸層, 單色",方圓形（Squoval）,"黑色, 灰色",光澤（Glossy）,,優雅
photo_placeid-ChIJ3-4qAyixbjQR2B3RT2QM_zk_idx-1.jpg,"跳色, 手繪",橢圓形（Oval）,"灰色, 裸粉色",光澤（Glossy）,畫圖章（Stamp）,"簡約, 優雅"
photo_placeid-ChIJ2ZpXN1LJbjQRoCl-0e85bMg_idx-2.jpg,,橢圓形（Oval）,藍色,"光澤（Glossy）, 亮片（Glitter）",金屬箔（Foil）,繽紛
photo_placeid-ChIJ3-4qAyixbjQR2B3RT2QM_zk_idx-2.jpg,"手繪, 跳色",橢圓形（Oval）,"紅色, 裸粉色, 白色, 金屬銀","光澤（Glossy）, 亮片（Glitter）","水鑽（Rhinestone）, 貼紙（Sticker）",可愛
photo_placeid-ChIJ3-4qAyixbjQR2B3RT2QM_zk_idx-5.jpg,手繪,橢圓形（Oval）,"粉色, 白色, 黃色, 藍色","光澤（Glossy）, 珠光（Pearlescent）",雕花（3D art）,"春, 優雅"
photo_placeid-ChIJ3-4qAyixbjQR2B3RT2QM_zk_idx-7.jpg,"法式, 手繪",橢圓形（Oval）,"紅色, 白色, 裸粉色",光澤（Glossy）,水鑽（Rhinestone）,可愛
photo_placeid-ChIJ3-4qAyixbjQR2B3RT2QM_zk_idx-4.jpg,跳色,,"黑色, 白色, 灰色",光澤（Glossy）,水鑽（Rhinestone）,簡約
photo_placeid-ChIJ3-4qAyixbjQR2B3RT2QM_zk_idx-9.jpg,跳色,方圓形（Squoval）,"黃色, 白色","光澤（Glossy）, 亮片（Glitter）",,"日常, 春"
photo_placeid-ChIJ3-4qAyixbjQR2B3RT2QM_zk_idx-8.jpg,"手繪, 跳色",橢圓形（Oval）,"紅色, 黑色, 白色, 金屬銀","亮片（Glitter）, 光澤（Glossy）",金屬飾片（Metal pieces）,優雅
photo_placeid-ChIJ3-pkmp6raTQRsWVS9QaaBpA_idx-2.jpg,單色,圓形（Round）,"灰色, 白色",光澤（Glossy）,金屬飾片（Metal pieces）,簡約
photo_placeid-ChIJ3-pkmp6raTQRsWVS9QaaBpA_idx-1.jpg,貓眼,方形（Square）,金屬銀,珠光（Pearlescent）,金屬飾片（Metal pieces）,優雅
photo_placeid-ChIJ31-mXz6pQjQRlJ8HbklY7GM_idx-1.jpg,跳色,方圓形（Squoval）,"紅色, 紫色, 橙色, 藍色, 粉色, 白色","光澤（Glossy）, 亮片（Glitter）",貼紙（Sticker）,"可愛, 繽紛"
photo_placeid-ChIJ31-mXz6pQjQRlJ8HbklY7GM_idx-10.jpg,"跳色, 鏡面",圓形（Round）,"白色, 金屬銀, 粉色","光澤（Glossy）, 亮片（Glitter）",,簡約
photo_placeid-ChIJ31-mXz6pQjQRlJ8HbklY7GM_idx-2.jpg,"跳色, 手繪",橢圓形（Oval）,"紅色, 白色, 金屬銀","光澤（Glossy）, 亮片（Glitter）",貼紙（Sticker）,"日系, 可愛"
photo_placeid-ChIJ3-pkmp6raTQRsWVS9QaaBpA_idx-3.jpg,手繪,,"黑色, 白色",光澤（Glossy）,,可愛
photo_placeid-ChIJ31-mXz6pQjQRlJ8HbklY7GM_idx-4.jpg,"跳色, 手繪",圓形（Round）,"綠色, 白色",光澤（Glossy）,"貼紙（Sticker）, 畫圖章（Stamp）","可愛, 簡約"
photo_placeid-ChIJ31-mXz6pQjQRlJ8HbklY7GM_idx-3.jpg,跳色,方圓形（Squoval）,"綠色, 裸粉色",光澤（Glossy）,貼紙（Sticker）,優雅
photo_placeid-ChIJ31-mXz6pQjQRlJ8HbklY7GM_idx-6.jpg,跳色,橢圓形（Oval）,"紅色, 金屬銀",光澤（Glossy）,金屬飾片（Metal pieces）,優雅
photo_placeid-ChIJ31-mXz6pQjQRlJ8HbklY7GM_idx-8.jpg,"跳色, 貓眼",圓形（Round）,"藍色, 灰色, 裸粉色","光澤（Glossy）, 珠光（Pearlescent）",畫圖章（Stamp）,簡約
photo_placeid-ChIJ31-mXz6pQjQRlJ8HbklY7GM_idx-9.jpg,"跳色, 鏡面",方圓形（Squoval）,"藍色, 白色, 粉色, 金屬銀","光澤（Glossy）, 金屬箔（Foil）",,"簡約, 冬"
photo_placeid-ChIJ31-mXz6pQjQRlJ8HbklY7GM_idx-5.jpg,手繪,圓形（Round）,"紅色, 白色, 金屬銀","光澤（Glossy）, 亮片（Glitter）",貼紙（Sticker）,"日常, 優雅"
photo_placeid-ChIJ3coPjlYfaDQRB4EBjxLboAI_idx-10.jpg,跳色,橢圓形（Oval）,裸粉色,"光澤（Glossy）, 亮片（Glitter）",,優雅
photo_placeid-ChIJ3coPjlYfaDQRB4EBjxLboAI_idx-1.jpg,"跳色, 手繪",圓形（Round）,"棕色, 裸粉色, 白色","光澤（Glossy）, 珠光（Pearlescent）",,"秋, 簡約"
photo_placeid-ChIJ3coPjlYfaDQRB4EBjxLboAI_idx-2.jpg,法式,方圓形（Squoval）,"裸粉色, 黑色",光澤（Glossy）,,韓系
photo_placeid-ChIJ3coPjlYfaDQRB4EBjxLboAI_idx-3.jpg,貓眼,方圓形（Squoval）,"黑色, 紅色",光澤（Glossy）,,優雅
photo_placeid-ChIJ3-4qAyixbjQR2B3RT2QM_zk_idx-6.jpg,"跳色, 手繪",圓形（Round）,"黑色, 白色, 灰色, 裸粉色",光澤（Glossy）,貼紙（Sticker）,"日系, 可愛"
photo_placeid-ChIJ3coPjlYfaDQRB4EBjxLboAI_idx-4.jpg,貓眼,方圓形（Squoval）,"黑色, 紅色",光澤（Glossy）,,日常
photo_placeid-ChIJ3coPjlYfaDQRB4EBjxLboAI_idx-8.jpg,"單色, 法式, 手繪",方圓形（Squoval）,裸粉色,光澤（Glossy）,水鑽（Rhinestone）,優雅
photo_placeid-ChIJ3coPjlYfaDQRB4EBjxLboAI_idx-5.jpg,單色,橢圓形（Oval）,裸粉色,光澤（Glossy）,金屬飾片（Metal pieces）,優雅
photo_placeid-ChIJ3coPjlYfaDQRB4EBjxLboAI_idx-7.jpg,"法式, 跳色",方圓形（Squoval）,"紅色, 裸粉色",光澤（Glossy）,,"優雅, 簡約"
photo_placeid-ChIJ3coPjlYfaDQRB4EBjxLboAI_idx-9.jpg,單色,橢圓形（Oval）,裸粉色,光澤（Glossy）,,日常
photo_placeid-ChIJ3RURkHOvaTQRVceZwuWtInc_idx-1.jpg,"跳色, 手繪",橢圓形（Oval）,"紅色, 白色, 黑色",光澤（Glossy）,貼紙（Sticker）,"可愛, 日系"
photo_placeid-ChIJ3RURkHOvaTQRVceZwuWtInc_idx-3.jpg,貓眼,方圓形（Squoval）,紫色,光澤（Glossy）,,
photo_placeid-ChIJ3RURkHOvaTQRVceZwuWtInc_idx-2.jpg,"單色, 手繪",方圓形（Squoval）,"裸粉色, 白色",光澤（Glossy）,,優雅
photo_placeid-ChIJ3RURkHOvaTQRVceZwuWtInc_idx-4.jpg,單色,,紫色,光澤（Glossy）,,
photo_placeid-ChIJ3RURkHOvaTQRVceZwuWtInc_idx-5.jpg,貓眼,橢圓形（Oval）,藍色,光澤（Glossy）,,"簡約, 優雅"
photo_placeid-ChIJ3RURkHOvaTQRVceZwuWtInc_idx-6.jpg,貓眼,,"紫色, 藍色",光澤（Glossy）,,簡約
photo_placeid-ChIJ3RURkHOvaTQRVceZwuWtInc_idx-10.jpg,手繪,方圓形（Squoval）,"粉色, 黑色, 白色",光澤（Glossy）,,可愛
photo_placeid-ChIJ3RURkHOvaTQRVceZwuWtInc_idx-8.jpg,單色,,藍色,光澤（Glossy）,,簡約
photo_placeid-ChIJ3Tc8qkaoQjQRLqTjrYWjZYc_idx-1.jpg,"跳色, 雕花, 手繪",方圓形（Squoval）,"白色, 紫色","光澤（Glossy）, 亮片（Glitter）","水鑽（Rhinestone）, 金屬飾片（Metal pieces）","優雅, 繽紛"
photo_placeid-ChIJ3Tc8qkaoQjQRLqTjrYWjZYc_idx-2.jpg,"跳色, 手繪",橢圓形（Oval）,"棕色, 裸粉色","光澤（Glossy）, 亮片（Glitter）",金屬飾片（Metal pieces）,優雅
photo_placeid-ChIJ3RURkHOvaTQRVceZwuWtInc_idx-9.jpg,"跳色, 手繪",方圓形（Squoval）,"紅色, 裸粉色, 金屬銀","光澤（Glossy）, 亮片（Glitter）",畫圖章（Stamp）,"優雅, 秋"
photo_placeid-ChIJ3Tc8qkaoQjQRLqTjrYWjZYc_idx-3.jpg,"法式, 單色",圓形（Round）,"紅色, 白色, 裸粉色",光澤（Glossy）,"雕花（3D art）, 貼紙（Sticker）","優雅, 秋"
photo_placeid-ChIJ3Tc8qkaoQjQRLqTjrYWjZYc_idx-8.jpg,跳色,方圓形（Squoval）,"黑色, 白色, 金屬銀, 裸粉色, 綠色","光澤（Glossy）, 亮片（Glitter）",金屬飾片（Metal pieces）,"韓系, 優雅"
photo_placeid-ChIJ3UAApsJNaDQR8T5eXZaBfDE_idx-1.jpg,法式,橢圓形（Oval）,"白色, 裸粉色",光澤（Glossy）,貼紙（Sticker）,"可愛, 日系"
photo_placeid-ChIJ3UAApsJNaDQR8T5eXZaBfDE_idx-10.jpg,手繪,橢圓形（Oval）,"黑色, 金屬銀",光澤（Glossy）,,"日系, 簡約"
photo_placeid-ChIJ3UAApsJNaDQR8T5eXZaBfDE_idx-3.jpg,跳色,橢圓形（Oval）,"紅色, 裸粉色, 金屬銀","光澤（Glossy）, 亮片（Glitter）",,優雅
photo_placeid-ChIJ3UAApsJNaDQR8T5eXZaBfDE_idx-2.jpg,漸層,橢圓形（Oval）,"紅色, 裸粉色",光澤（Glossy）,,優雅
photo_placeid-ChIJ3UAApsJNaDQR8T5eXZaBfDE_idx-4.jpg,"漸層, 單色",方圓形（Squoval）,"藍色, 銀色",光澤（Glossy）,"水鑽（Rhinestone）, 金屬飾片（Metal pieces）",優雅
photo_placeid-ChIJ3Tc8qkaoQjQRLqTjrYWjZYc_idx-4.jpg,"手繪, 單色",橢圓形（Oval）,"灰色, 黑色, 裸粉色, 白色","光澤（Glossy）, 霧面（Matte）",金屬飾片（Metal pieces）,"簡約, 歐美風"
photo_placeid-ChIJ3UAApsJNaDQR8T5eXZaBfDE_idx-6.jpg,法式,方圓形（Squoval）,"裸粉色, 金屬銀",光澤（Glossy）,金屬飾片（Metal pieces）,簡約
photo_placeid-ChIJ3UAApsJNaDQR8T5eXZaBfDE_idx-7.jpg,"法式, 手繪",橢圓形（Oval）,"裸粉色, 白色","光澤（Glossy）, 亮片（Glitter）",畫圖章（Stamp）,優雅
photo_placeid-ChIJ3UAApsJNaDQR8T5eXZaBfDE_idx-5.jpg,法式,橢圓形（Oval）,裸粉色,光澤（Glossy）,金屬飾片（Metal pieces）,優雅
photo_placeid-ChIJ3UAApsJNaDQR8T5eXZaBfDE_idx-9.jpg,"法式, 跳色",方圓形（Squoval）,"裸粉色, 金屬銀","光澤（Glossy）, 亮片（Glitter）","貼紙（Sticker）, 金屬飾片（Metal pieces）","優雅, 簡約"
photo_placeid-ChIJ3UodoZo9aTQRJot42pTCfvk_idx-5.jpg,單色,圓形（Round）,裸粉色,"光澤（Glossy）, 亮片（Glitter）",,日常
photo_placeid-ChIJ3UodoZo9aTQRJot42pTCfvk_idx-2.jpg,跳色,方圓形（Squoval）,"紅色, 金屬銀","光澤（Glossy）, 金屬箔（Foil）",,"優雅, 秋"
photo_placeid-ChIJ3UodoZo9aTQRJot42pTCfvk_idx-6.jpg,跳色,方形（Square）,"裸粉色, 黑色",霧面（Matte）,金屬飾片（Metal pieces）,"日系, 優雅"
photo_placeid-ChIJ3UodoZo9aTQRJot42pTCfvk_idx-7.jpg,"漸層, 跳色",尖形（Stiletto）,"綠色, 黃色, 灰色",光澤（Glossy）,,"日系, 簡約"
photo_placeid-ChIJ3UAApsJNaDQR8T5eXZaBfDE_idx-8.jpg,單色,橢圓形（Oval）,裸粉色,珠光（Pearlescent）,,"日常, 優雅"
photo_placeid-ChIJ3UodoZo9aTQRJot42pTCfvk_idx-10.jpg,"跳色, 貓眼",方形（Square）,"黑色, 咖啡色",光澤（Glossy）,金屬飾片（Metal pieces）,優雅
photo_placeid-ChIJ3UodoZo9aTQRJot42pTCfvk_idx-9.jpg,"手繪, 跳色",橢圓形（Oval）,"粉色, 藍色, 紅色, 白色",光澤（Glossy）,,"可愛, 春"
photo_placeid-ChIJ3y9wSuMeaDQRvO68IabsWEg_idx-2.jpg,漸層,橢圓形（Oval）,"粉色, 裸粉色",光澤（Glossy）,金屬飾片（Metal pieces）,"春, 優雅"
photo_placeid-ChIJ3y9wSuMeaDQRvO68IabsWEg_idx-3.jpg,"跳色, 鏡面",方圓形（Squoval）,"紅色, 金屬銀","光澤（Glossy）, 亮片（Glitter）",金屬飾片（Metal pieces）,優雅
photo_placeid-ChIJ3y9wSuMeaDQRvO68IabsWEg_idx-4.jpg,,橢圓形（Oval）,裸粉色,光澤（Glossy）,金屬飾片（Metal pieces）,優雅
photo_placeid-ChIJ3y9wSuMeaDQRvO68IabsWEg_idx-6.jpg,手繪,,"黑色, 白色",光澤（Glossy）,,可愛
photo_placeid-ChIJ3y9wSuMeaDQRvO68IabsWEg_idx-7.jpg,,,,,,
photo_placeid-ChIJ3y9wSuMeaDQRvO68IabsWEg_idx-10.jpg,漸層,橢圓形（Oval）,"藍色, 白色, 裸粉色",光澤（Glossy）,,優雅
photo_placeid-ChIJ3y9wSuMeaDQRvO68IabsWEg_idx-8.jpg,手繪,橢圓形（Oval）,"藍色, 白色, 紅色",光澤（Glossy）,,可愛
photo_placeid-ChIJ3y9wSuMeaDQRvO68IabsWEg_idx-9.jpg,"跳色, 手繪",橢圓形（Oval）,"白色, 黃色, 紅色",光澤（Glossy）,,"簡約, 日系"
photo_placeid-ChIJ42MoznGfaDQRbgeG4kTfutg_idx-10.jpg,"單色, 貓眼",方圓形（Squoval）,"靛色, 裸粉色",光澤（Glossy）,金屬飾片（Metal pieces）,優雅
photo_placeid-ChIJ42MoznGfaDQRbgeG4kTfutg_idx-1.jpg,跳色,橢圓形（Oval）,"白色, 金屬銀","光澤（Glossy）, 亮片（Glitter）",金屬飾片（Metal pieces）,優雅
photo_placeid-ChIJ42MoznGfaDQRbgeG4kTfutg_idx-2.jpg,法式,圓形（Round）,"裸粉色, 灰色",光澤（Glossy）,水鑽（Rhinestone）,"簡約, 優雅"
photo_placeid-ChIJ42MoznGfaDQRbgeG4kTfutg_idx-3.jpg,單色,方圓形（Squoval）,裸粉色,砂糖感（Sugar）,水鑽（Rhinestone）,優雅
photo_placeid-ChIJ42MoznGfaDQRbgeG4kTfutg_idx-5.jpg,漸層,尖形（Stiletto）,"藍色, 白色",亮片（Glitter）,,冬
photo_placeid-ChIJ42MoznGfaDQRbgeG4kTfutg_idx-4.jpg,鏡面,,金屬銀,光澤（Glossy）,,
photo_placeid-ChIJ42MoznGfaDQRbgeG4kTfutg_idx-7.jpg,單色,,"白色, 裸粉色",光澤（Glossy）,雕花（3D art）,
photo_placeid-ChIJ42MoznGfaDQRbgeG4kTfutg_idx-8.jpg,"法式, 跳色",橢圓形（Oval）,"裸粉色, 紅色, 白色","光澤（Glossy）, 金屬箔（Foil）",,優雅
photo_placeid-ChIJ45_bRTWfaDQREIYx-Wz5UMQ_idx-1.jpg,"單色, 手繪",圓形（Round）,"裸粉色, 白色","光澤（Glossy）, 亮片（Glitter）",水鑽（Rhinestone）,"可愛, 優雅"
photo_placeid-ChIJ42MoznGfaDQRbgeG4kTfutg_idx-9.jpg,跳色,橢圓形（Oval）,"藍色, 灰色, 裸粉色, 白色, 金屬銀","光澤（Glossy）, 金屬箔（Foil）",,優雅
photo_placeid-ChIJ45_bRTWfaDQREIYx-Wz5UMQ_idx-10.jpg,"跳色, 手繪",圓形（Round）,"紅色, 白色","光澤（Glossy）, 珠光（Pearlescent）",,"日常, 簡約"
photo_placeid-ChIJ45_bRTWfaDQREIYx-Wz5UMQ_idx-3.jpg,貓眼,橢圓形（Oval）,"黑色, 銀色",光澤（Glossy）,水鑽（Rhinestone）,優雅
photo_placeid-ChIJ45_bRTWfaDQREIYx-Wz5UMQ_idx-4.jpg,手繪,尖形（Stiletto）,裸粉色,光澤（Glossy）,水鑽（Rhinestone）,優雅
photo_placeid-ChIJ45_bRTWfaDQREIYx-Wz5UMQ_idx-6.jpg,漸層,橢圓形（Oval）,"黑色, 灰色, 白色",光澤（Glossy）,水鑽（Rhinestone）,優雅
photo_placeid-ChIJ45_bRTWfaDQREIYx-Wz5UMQ_idx-7.jpg,,方圓形（Squoval）,"裸粉色, 白色",亮片（Glitter）,畫圖章（Stamp）,簡約
photo_placeid-ChIJ45_bRTWfaDQREIYx-Wz5UMQ_idx-8.jpg,跳色,方圓形（Squoval）,"紅色, 粉色",光澤（Glossy）,水鑽（Rhinestone）,優雅
photo_placeid-ChIJ48QvYwk1aDQRCHV53WdV2Kw_idx-1.jpg,單色,,黑色,亮片（Glitter）,,
photo_placeid-ChIJ45_bRTWfaDQREIYx-Wz5UMQ_idx-2.jpg,法式,橢圓形（Oval）,"紅色, 黑色","光澤（Glossy）, 亮片（Glitter）",,優雅
photo_placeid-ChIJ48QvYwk1aDQRCHV53WdV2Kw_idx-6.jpg,法式,橢圓形（Oval）,"裸粉色, 黑色",光澤（Glossy）,,"簡約, 優雅"
photo_placeid-ChIJ4cr2z5DlZzQRUK5USG3XZGs_idx-2.jpg,"單色, 鏡面",方圓形（Squoval）,"黑色, 銀色","光澤（Glossy）, 亮片（Glitter）","水鑽（Rhinestone）, 金屬飾片（Metal pieces）","優雅, 韓系"
photo_placeid-ChIJ48QvYwk1aDQRCHV53WdV2Kw_idx-7.jpg,跳色,橢圓形（Oval）,"白色, 裸粉色",光澤（Glossy）,,"日常, 簡約"
photo_placeid-ChIJ45_bRTWfaDQREIYx-Wz5UMQ_idx-5.jpg,跳色,方圓形（Squoval）,"綠色, 藍色",光澤（Glossy）,,簡約
photo_placeid-ChIJ4cr2z5DlZzQRUK5USG3XZGs_idx-3.jpg,"單色, 貓眼",橢圓形（Oval）,"紅色, 金屬銀, 黑色","光澤（Glossy）, 亮片（Glitter）","水鑽（Rhinestone）, 雕花（3D art）, 金屬飾片（Metal pieces）","優雅, 繽紛"
photo_placeid-ChIJ4cr2z5DlZzQRUK5USG3XZGs_idx-4.jpg,"單色, 跳色",圓形（Round）,粉色,"光澤（Glossy）, 亮片（Glitter）","水鑽（Rhinestone）, 雕花（3D art）",優雅
photo_placeid-ChIJ4cr2z5DlZzQRUK5USG3XZGs_idx-5.jpg,跳色,橢圓形（Oval）,"靛色, 紫色","光澤（Glossy）, 亮片（Glitter）",水鑽（Rhinestone）,優雅
photo_placeid-ChIJ4cr2z5DlZzQRUK5USG3XZGs_idx-6.jpg,跳色,橢圓形（Oval）,"紅色, 綠色, 白色",亮片（Glitter）,水鑽（Rhinestone）,優雅
photo_placeid-ChIJ4ds3WQ21bjQR49_ekbFCu5Q_idx-10.jpg,單色,橢圓形（Oval）,紅色,光澤（Glossy）,亮片（Glitter）,日常
photo_placeid-ChIJ4ds3WQ21bjQR49_ekbFCu5Q_idx-2.jpg,"跳色, 手繪",橢圓形（Oval）,"紅色, 裸粉色",光澤（Glossy）,畫圖章（Stamp）,優雅
photo_placeid-ChIJ4ds3WQ21bjQR49_ekbFCu5Q_idx-3.jpg,手繪,,"紅色, 黑色, 白色, 裸粉色",光澤（Glossy）,水鑽（Rhinestone）,優雅
photo_placeid-ChIJ4ds3WQ21bjQR49_ekbFCu5Q_idx-1.jpg,"單色, 手繪",橢圓形（Oval）,裸粉色,"光澤（Glossy）, 金屬箔（Foil）","水鑽（Rhinestone）, 金屬飾片（Metal pieces）",優雅
photo_placeid-ChIJ4ds3WQ21bjQR49_ekbFCu5Q_idx-4.jpg,手繪,橢圓形（Oval）,"紅色, 橙色, 黃色, 紫色, 白色",光澤（Glossy）,雕花（3D art）,可愛
photo_placeid-ChIJ4ds3WQ21bjQR49_ekbFCu5Q_idx-7.jpg,法式,橢圓形（Oval）,"黃色, 白色",光澤（Glossy）,,
photo_placeid-ChIJ4ds3WQ21bjQR49_ekbFCu5Q_idx-5.jpg,單色,方圓形（Squoval）,裸粉色,光澤（Glossy）,,"日常, 簡約"
photo_placeid-ChIJ4ds3WQ21bjQR49_ekbFCu5Q_idx-9.jpg,單色,橢圓形（Oval）,裸粉色,光澤（Glossy）,,簡約
photo_placeid-ChIJ4QWFzUaoQjQR0uFOW1A3OjI_idx-1.jpg,單色,橢圓形（Oval）,裸粉色,珠除光（Pearlescent）,,優雅
photo_placeid-ChIJ4QWFzUaoQjQR0uFOW1A3OjI_idx-10.jpg,"跳色, 鏡面",橢圓形（Oval）,"紅色, 裸粉色","光澤（Glossy）, 金屬箔（Foil）","金屬飾片（Metal pieces）, 雕花（3D art）","優雅, 秋"
photo_placeid-ChIJ4ds3WQ21bjQR49_ekbFCu5Q_idx-6.jpg,跳色,方圓形（Squoval）,"紅色, 金屬銀","光澤（Glossy）, 亮片（Glitter）",金屬飾片（Metal pieces）,優雅
photo_placeid-ChIJ4ds3WQ21bjQR49_ekbFCu5Q_idx-8.jpg,手繪,橢圓形（Oval）,"裸粉色, 黑色",光澤（Glossy）,,優雅
photo_placeid-ChIJ4QWFzUaoQjQR0uFOW1A3OjI_idx-3.jpg,跳色,橢圓形（Oval）,"藍色, 灰色","光澤（Glossy）, 亮片（Glitter）",金屬飾片（Metal pieces）,優雅
photo_placeid-ChIJ4QWFzUaoQjQR0uFOW1A3OjI_idx-4.jpg,單色,尖形（Stiletto）,"黑色, 白色, 裸粉色",光澤（Glossy）,"水鑽（Rhinestone）, 金屬飾片（Metal pieces）, 雕花（3D art）",優雅
photo_placeid-ChIJ4QWFzUaoQjQR0uFOW1A3OjI_idx-2.jpg,"漸層, 單色",圓形（Round）,"藍色, 裸粉色",光澤（Glossy）,雕花（3D art）,優雅
photo_placeid-ChIJ4QWFzUaoQjQR0uFOW1A3OjI_idx-5.jpg,"跳色, 鏡面",橢圓形（Oval）,"粉色, 銀色","亮片（Glitter）, 光澤（Glossy）",金屬箔（Foil）,"優雅, 繽紛"
photo_placeid-ChIJ4QWFzUaoQjQR0uFOW1A3OjI_idx-8.jpg,"跳色, 手繪",橢圓形（Oval）,"黃色, 藍色, 粉色","光澤（Glossy）, 亮片（Glitter）","水鑽（Rhinestone）, 金屬飾片（Metal pieces）, 珠光（Pearlescent）","繽紛, 可愛"
photo_placeid-ChIJ4VO6Q5xrbzQRPQajR6qDUqg_idx-10.jpg,漸層,方圓形（Squoval）,紅色,光澤（Glossy）,,
photo_placeid-ChIJ4VO6Q5xrbzQRPQajR6qDUqg_idx-1.jpg,跳色,橢圓形（Oval）,"藍色, 白色, 金屬銀","光澤（Glossy）, 亮片（Glitter）",金屬飾片（Metal pieces）,優雅
photo_placeid-ChIJ4QWFzUaoQjQR0uFOW1A3OjI_idx-6.jpg,單色,,金屬銀,光澤（Glossy）,,簡約
photo_placeid-ChIJ4VO6Q5xrbzQRPQajR6qDUqg_idx-2.jpg,單色,尖形（Stiletto）,紅色,光澤（Glossy）,"水鑽（Rhinestone）, 金屬飾片（Metal pieces）",優雅
photo_placeid-ChIJ4VO6Q5xrbzQRPQajR6qDUqg_idx-4.jpg,跳色,橢圓形（Oval）,"黑色, 白色, 裸粉色",光澤（Glossy）,金屬飾片（Metal pieces）,優雅
photo_placeid-ChIJ4QWFzUaoQjQR0uFOW1A3OjI_idx-9.jpg,單色,,"紫色, 金屬銀",亮片,,
photo_placeid-ChIJ4VO6Q5xrbzQRPQajR6qDUqg_idx-6.jpg,"跳色, 貓眼",圓形（Round）,"黃色, 綠色, 藍色, 紫色, 粉色",光澤（Glossy）,,繽紛
photo_placeid-ChIJ4VO6Q5xrbzQRPQajR6qDUqg_idx-7.jpg,手繪,方圓形（Squoval）,"裸粉色, 白色, 金屬銀",光澤（Glossy）,"貼紙（Sticker）, 金屬箔（Foil）",優雅
photo_placeid-ChIJ4VO6Q5xrbzQRPQajR6qDUqg_idx-5.jpg,"跳色, 手繪",橢圓形（Oval）,"裸粉色, 灰色",光澤（Glossy）,"貼紙（Sticker）, 水鑽（Rhinestone）",優雅
photo_placeid-ChIJ4VO6Q5xrbzQRPQajR6qDUqg_idx-8.jpg,"跳色, 手繪",圓形（Round）,"白色, 黑色, 裸粉色",光澤（Glossy）,,"簡約, 可愛"
photo_placeid-ChIJ4VO6Q5xrbzQRPQajR6qDUqg_idx-9.jpg,跳色,方圓形（Squoval）,裸粉色,"光澤（Glossy）, 亮片（Glitter）",,"簡約, 優雅"
photo_placeid-ChIJ4VO6Q5xrbzQRPQajR6qDUqg_idx-3.jpg,單色,尖形（Stiletto）,紅色,光澤（Glossy）,"水鑽（Rhinestone）, 金屬飾片（Metal pieces）","優雅, 日系"
photo_placeid-ChIJ4xMJ5jtNaDQRfiFTtVPsauI_idx-1.jpg,單色,方圓形（Squoval）,紅色,光澤（Glossy）,金屬飾片（Metal pieces）,優雅
photo_placeid-ChIJ4xMJ5jtNaDQRfiFTtVPsauI_idx-2.jpg,漸層,橢圓形（Oval）,"橙色, 裸粉色",光澤（Glossy）,,優雅
photo_placeid-ChIJ4xMJ5jtNaDQRfiFTtVPsauI_idx-4.jpg,漸層,橢圓形（Oval）,"紅色, 金屬銀","亮片（Glitter）, 金屬箔（Foil）",,"秋, 優雅"
photo_placeid-ChIJ4xMJ5jtNaDQRfiFTtVPsauI_idx-10.jpg,手繪,橢圓形（Oval）,紅色,光澤（Glossy）,,優雅
photo_placeid-ChIJ4xMJ5jtNaDQRfiFTtVPsauI_idx-8.jpg,漸層,橢圓形（Oval）,"橙色, 金屬銀",亮片（Glitter）,,
photo_placeid-ChIJ4xMJ5jtNaDQRfiFTtVPsauI_idx-3.jpg,手繪,方圓形（Squoval）,"紅色, 裸粉色",光澤（Glossy）,畫圖章（Stamp）,可愛
photo_placeid-ChIJ4xMJ5jtNaDQRfiFTtVPsauI_idx-7.jpg,手繪,圓形（Round）,粉色,光澤（Glossy）,畫圖章（Stamp）,優雅
photo_placeid-ChIJ4xMJ5jtNaDQRfiFTtVPsauI_idx-9.jpg,貓眼,橢圓形（Oval）,綠色,光澤（Glossy）,,
photo_placeid-ChIJ4YNUvUU1aDQR0PHkn5KKIHs_idx-10.jpg,手繪,,"黑色, 白色",光澤（Glossy）,,可愛
photo_placeid-ChIJ4YNUvUU1aDQR0PHkn5KKIHs_idx-2.jpg,"跳色, 亮片",橢圓形（Oval）,"紫色, 白色, 粉色","光澤（Glossy）, 亮片（Glitter）",,"可愛, 繽紛"
photo_placeid-ChIJ4YNUvUU1aDQR0PHkn5KKIHs_idx-3.jpg,跳色,橢圓形（Oval）,"綠色, 裸粉色, 金屬銀",光澤（Glossy）,金屬飾片（Metal pieces）,優雅
photo_placeid-ChIJ4YNUvUU1aDQR0PHkn5KKIHs_idx-4.jpg,跳色,,"紅色, 黑色, 白色","光澤（Glossy）, 亮片（Glitter）",,可愛
photo_placeid-ChIJ4YNUvUU1aDQR0PHkn5KKIHs_idx-5.jpg,"跳色, 手繪",方圓形（Squoval）,"綠色, 紅色, 白色",光澤（Glossy）,,"日常, 簡約"
photo_placeid-ChIJ4YNUvUU1aDQR0PHkn5KKIHs_idx-6.jpg,跳色,橢圓形（Oval）,"綠色, 棕色, 白色, 黑色","光澤（Glossy）, 亮片（Glitter）",,秋
photo_placeid-ChIJ4YNUvUU1aDQR0PHkn5KKIHs_idx-7.jpg,漸層,,"橙色, 白色, 金屬銀",光澤,金屬箔,
photo_placeid-ChIJ4YNUvUU1aDQR0PHkn5KKIHs_idx-8.jpg,漸層,方圓形（Squoval）,"橙色, 白色, 金屬銀","亮片（Glitter）, 珠光（Pearlescent）",水鑽（Rhinestone）,優雅
photo_placeid-ChIJ4YNUvUU1aDQR0PHkn5KKIHs_idx-9.jpg,跳色,方圓形（Squoval）,"藍色, 白色","光澤（Glossy）, 亮片（Glitter）, 金屬箔（Foil）","水鑽（Rhinestone）, 金屬飾片（Metal pieces）",夏
photo_placeid-ChIJ51aGb1sfaDQR70olFGTQNKE_idx-1.jpg,"跳色, 手繪",尖形（Stiletto）,"紅色, 粉色",光澤（Glossy）,"水鑽（Rhinestone）, 金屬飾片（Metal pieces）",優雅
photo_placeid-ChIJ51aGb1sfaDQR70olFGTQNKE_idx-10.jpg,單色,橢圓形（Oval）,紅色,光澤（Glossy）,,日常
photo_placeid-ChIJ51aGb1sfaDQR70olFGTQNKE_idx-3.jpg,鏡面,橢圓形（Oval）,"藍色, 紫色, 黑色",光澤（Glossy）,,優雅
photo_placeid-ChIJ51aGb1sfaDQR70olFGTQNKE_idx-2.jpg,"跳色, 手繪",方圓形（Squoval）,"裸粉色, 白色",光澤（Glossy）,畫圖章（Stamp）,"簡約, 優雅"
photo_placeid-ChIJ4xMJ5jtNaDQRfiFTtVPsauI_idx-5.jpg,"跳色, 單色",方圓形（Squoval）,"紅色, 裸粉色, 黑色",光澤（Glossy）,貼紙（Sticker）,可愛
photo_placeid-ChIJ51aGb1sfaDQR70olFGTQNKE_idx-5.jpg,單色,橢圓形（Oval）,黑色,光澤（Glossy）,,"簡約, 優雅"
photo_placeid-ChIJ51aGb1sfaDQR70olFGTQNKE_idx-8.jpg,跳色,橢圓形（Oval）,"粉色, 白色",亮片（Glitter）,,"可愛, 日系"
photo_placeid-ChIJ54_V_Y8FbjQRgZndHsd-LTQ_idx-2.jpg,"手繪, 跳色",圓形（Round）,粉色,"霧面（Matte）, 光澤（Glossy）",畫圖章（Stamp）,優雅
photo_placeid-ChIJ54_V_Y8FbjQRgZndHsd-LTQ_idx-4.jpg,"跳色, 手繪",,"黃色, 白色, 裸粉色",光澤（Glossy）,,"可愛, 春"
photo_placeid-ChIJ51aGb1sfaDQR70olFGTQNKE_idx-9.jpg,單色,橢圓形（Oval）,裸粉色,光澤（Glossy）,,優雅
photo_placeid-ChIJ5bCYSKo5aTQRIQCgThhIIO4_idx-10.jpg,"跳色, 手繪",,"紅色, 裸粉色",光澤（Glossy）,畫圖章（Stamp）,
photo_placeid-ChIJ54_V_Y8FbjQRgZndHsd-LTQ_idx-5.jpg,手繪,圓形（Round）,裸粉色,光澤（Glossy）,貼紙（Sticker）,優雅
photo_placeid-ChIJ5bCYSKo5aTQRIQCgThhIIO4_idx-3.jpg,跳色,橢圓形（Oval）,"綠色, 棕色",光澤（Glossy）,,
photo_placeid-ChIJ5bCYSKo5aTQRIQCgThhIIO4_idx-4.jpg,手繪,橢圓形（Oval）,"粉色, 白色",光澤（Glossy）,,優雅
photo_placeid-ChIJ5bCYSKo5aTQRIQCgThhIIO4_idx-6.jpg,"手繪, 跳色",方圓形（Squoval）,"紅色, 裸粉色",光澤（Glossy）,畫圖章（Stamp）,"日系, 繽紛"
photo_placeid-ChIJ54_V_Y8FbjQRgZndHsd-LTQ_idx-3.jpg,"跳色, 手繪",,"紅色, 灰色",亮片（Glitter）,畫圖章（Stamp）,
photo_placeid-ChIJ5bCYSKo5aTQRIQCgThhIIO4_idx-9.jpg,跳色,方圓形（Squoval）,"裸粉色, 金屬銀","光澤（Glossy）, 金屬箔（Foil）",,優雅
photo_placeid-ChIJ5bCYSKo5aTQRIQCgThhIIO4_idx-5.jpg,漸層,橢圓形（Oval）,"裸粉色, 棕色",光澤（Glossy）,,優雅
photo_placeid-ChIJ5eJhWI6rQjQRXWSU0NIGmqs_idx-5.jpg,法式,尖形（Stiletto）,裸粉色,光澤（Glossy）,,優雅
photo_placeid-ChIJ5eJhWI6rQjQRXWSU0NIGmqs_idx-6.jpg,跳色,橢圓形（Oval）,"藍色, 粉色, 裸粉色, 灰色, 紫色",霧面（Matte）,水鑽（Rhinestone）,"日系, 可愛"
photo_placeid-ChIJ5eJhWI6rQjQRXWSU0NIGmqs_idx-8.jpg,"跳色, 手繪",,"黑色, 白色, 銀色","光澤（Glossy）, 亮片（Glitter）","水鑽（Rhinestone）, 金屬飾片（Metal pieces）","優雅, 簡約"
photo_placeid-ChIJ5f-BAMMXaTQReiDuKPn_Zi0_idx-1.jpg,漸層,橢圓形（Oval）,裸粉色,珠光（Pearlescent）,水鑽（Rhinestone）,優雅
photo_placeid-ChIJ5bCYSKo5aTQRIQCgThhIIO4_idx-8.jpg,法式,橢圓形（Oval）,"白色, 裸粉色",光澤（Glossy）,,優雅
photo_placeid-ChIJ5f-BAMMXaTQReiDuKPn_Zi0_idx-2.jpg,跳色,,"白色, 金屬銀","光澤（Glossy）, 亮片（Glitter）",,優雅
photo_placeid-ChIJ5f-BAMMXaTQReiDuKPn_Zi0_idx-4.jpg,跳色,橢圓形（Oval）,"白色, 裸粉色","光澤（Glossy）, 亮片（Glitter）",,優雅
photo_placeid-ChIJ5bCYSKo5aTQRIQCgThhIIO4_idx-7.jpg,"單色, 鏡面",方圓形（Squoval）,"白色, 金屬銀","光澤（Glossy）, 珠光（Pearlescent）",,優雅
photo_placeid-ChIJ5f-BAMMXaTQReiDuKPn_Zi0_idx-10.jpg,跳色,橢圓形（Oval）,"黑色, 金屬銀","光澤（Glossy）, 亮片（Glitter）",,"簡約, 歐美風"
photo_placeid-ChIJ5f-BAMMXaTQReiDuKPn_Zi0_idx-5.jpg,手繪,方圓形（Squoval）,"橙色, 黑色, 裸粉色",光澤（Glossy）,,"優雅, 秋"
photo_placeid-ChIJ5f-BAMMXaTQReiDuKPn_Zi0_idx-7.jpg,"手繪, 跳色",橢圓形（Oval）,"藍色, 白色",光澤（Glossy）,水鑽（Rhinestone）,日系
photo_placeid-ChIJ5f-BAMMXaTQReiDuKPn_Zi0_idx-3.jpg,"手繪, 跳色",方圓形（Squoval）,"粉色, 藍色","光澤（Glossy）, 亮片（Glitter）","水鑽（Rhinestone）, 雕花（3D art）","可愛, 繽紛"
photo_placeid-ChIJ5f-BAMMXaTQReiDuKPn_Zi0_idx-8.jpg,貓眼,橢圓形（Oval）,"黑色, 棕色",亮片（Glitter）,,優雅
photo_placeid-ChIJ5f-BAMMXaTQReiDuKPn_Zi0_idx-9.jpg,鏡面,圓形（Round）,"綠色, 銀色","光澤（Glossy）, 亮片（Glitter）",貝殼（Shell）,優雅
photo_placeid-ChIJ5UMUtBHJbjQRFZaGeMtxoEw_idx-2.jpg,"跳色, 手繪",橢圓形（Oval）,"綠色, 裸粉色, 白色, 黑色",光澤（Glossy）,,"日系, 秋"
photo_placeid-ChIJ5UMUtBHJbjQRFZaGeMtxoEw_idx-3.jpg,鏡面,橢圓形（Oval）,金屬銀,光澤（Glossy）,,優雅
photo_placeid-ChIJ5UMUtBHJbjQRFZaGeMtxoEw_idx-6.jpg,漸層,橢圓形（Oval）,"綠色, 裸粉色",光澤（Glossy）,,"日系, 簡約"
photo_placeid-ChIJ5UMUtBHJbjQRFZaGeMtxoEw_idx-7.jpg,跳色,,"粉色, 白色",亮片,水鑽,優雅
photo_placeid-ChIJ5UMUtBHJbjQRFZaGeMtxoEw_idx-4.jpg,漸層,,"橙色, 金屬銀",光澤（Glossy）,水鑽（Rhinestone）,優雅
photo_placeid-ChIJ5UMUtBHJbjQRFZaGeMtxoEw_idx-9.jpg,跳色,圓形（Round）,裸粉色,光澤（Glossy）,畫圖章（Stamp）,優雅
photo_placeid-ChIJ5W1bcu61bjQR97yVezkhfEo_idx-1.jpg,手繪,圓形（Round）,"橙色, 黑色, 白色","光澤（Glossy）, 金屬箔（Foil）",水鑽（Rhinestone）,可愛
photo_placeid-ChIJ5W1bcu61bjQR97yVezkhfEo_idx-10.jpg,,橢圓形（Oval）,紅色,亮片（Glitter）,,優雅
photo_placeid-ChIJ5W1bcu61bjQR97yVezkhfEo_idx-3.jpg,,橢圓形（Oval）,金屬銀,光澤（Glossy）,,
photo_placeid-ChIJ5UMUtBHJbjQRFZaGeMtxoEw_idx-8.jpg,"跳色, 手繪",,"紅色, 黑色, 白色",光澤（Glossy）,,"秋, 歐美風"
photo_placeid-ChIJ5W1bcu61bjQR97yVezkhfEo_idx-4.jpg,跳色,橢圓形（Oval）,"黑色, 綠色, 金屬銀","光澤（Glossy）, 亮片（Glitter）",金屬飾片（Metal pieces）,日系
photo_placeid-ChIJ5W1bcu61bjQR97yVezkhfEo_idx-5.jpg,單色,方圓形（Squoval）,"綠色, 金屬銀","霧面（Matte）, 亮片（Glitter）",金屬飾片（Metal pieces）,優雅
photo_placeid-ChIJ5UMUtBHJbjQRFZaGeMtxoEw_idx-5.jpg,"跳色, 手繪",橢圓形（Oval）,"灰色, 裸粉色","霧面（Matte）, 亮片（Glitter）",,"簡約, 優雅"
photo_placeid-ChIJ5W1bcu61bjQR97yVezkhfEo_idx-7.jpg,"單色, 跳色",方圓形（Squoval）,"灰色, 金屬銀","光澤（Glossy）, 金屬箔（Foil）",,"簡約, 優雅"
photo_placeid-ChIJ5WKEaYEfaDQRiM-f9XnecGA_idx-2.jpg,跳色,橢圓形（Oval）,"粉色, 銀色","光澤（Glossy）, 亮片（Glitter）",,優雅
photo_placeid-ChIJ5WKEaYEfaDQRiM-f9XnecGA_idx-4.jpg,,方形（Square）,,亮片（Glitter）,,
photo_placeid-ChIJ5WKEaYEfaDQRiM-f9XnecGA_idx-8.jpg,手繪,橢圓形（Oval）,粉色,"光澤（Glossy）, 亮片（Glitter）",水鑽（Rhinestone）,優雅
photo_placeid-ChIJ5WKEaYEfaDQRiM-f9XnecGA_idx-9.jpg,單色,橢圓形（Oval）,黑色,光澤（Glossy）,,"日常, 優雅"
photo_placeid-ChIJ5WKEaYEfaDQRiM-f9XnecGA_idx-3.jpg,,尖形（Stiletto）,裸粉色,光澤（Glossy）,,
photo_placeid-ChIJ5xVjKkLlZzQRzBF1TGrLCHg_idx-2.jpg,手繪,橢圓形（Oval）,"白色, 黃色, 橙色",光澤（Glossy）,貼紙（Sticker）,優雅
photo_placeid-ChIJ5xVjKkLlZzQRzBF1TGrLCHg_idx-5.jpg,,,金屬銀,光澤（Glossy）,,
photo_placeid-ChIJ5xVjKkLlZzQRzBF1TGrLCHg_idx-6.jpg,"跳色, 手繪",橢圓形（Oval）,"黑色, 裸粉色, 白色",光澤（Glossy）,金屬飾片（Metal pieces）,"秋, 優雅"
photo_placeid-ChIJ5XZMoOyfaDQRTnjmuRvJOZ0_idx-1.jpg,"跳色, 手繪",橢圓形（Oval）,"紅色, 綠色, 紫色, 白色, 黃色",光澤（Glossy）,,"可愛, 繽紛"
photo_placeid-ChIJ5XZMoOyfaDQRTnjmuRvJOZ0_idx-2.jpg,,橢圓形（Oval）,灰色,光澤（Glossy）,金屬飾片（Metal pieces）,簡約
photo_placeid-ChIJ5XZMoOyfaDQRTnjmuRvJOZ0_idx-4.jpg,手繪,圓形（Round）,"白色, 黑色",霧面（Matte）,,簡約
photo_placeid-ChIJ5XZMoOyfaDQRTnjmuRvJOZ0_idx-5.jpg,手繪,圓形（Round）,"黑色, 裸粉色",光澤（Glossy）,,"日常, 簡約"
photo_placeid-ChIJ5xVjKkLlZzQRzBF1TGrLCHg_idx-8.jpg,跳色,橢圓形（Oval）,"白色, 裸粉色, 金屬銀","光澤（Glossy）, 亮片（Glitter）",,"簡約, 優雅"
photo_placeid-ChIJ5XZMoOyfaDQRTnjmuRvJOZ0_idx-6.jpg,"跳色, 手繪",橢圓形（Oval）,"紅色, 白色, 紫色",光澤（Glossy）,雕花（3D art）,優雅
photo_placeid-ChIJ5ZNP4FKpQjQRQCv_KR0t0wg_idx-4.jpg,"跳色, 手繪",橢圓形（Oval）,"紅色, 綠色, 金屬銀, 藍色, 黑色","光澤（Glossy）, 亮片（Glitter）","水鑽（Rhinestone）, 金屬飾片（Metal pieces）",優雅
photo_placeid-ChIJ5ZNP4FKpQjQRQCv_KR0t0wg_idx-9.jpg,手繪,,"紅色, 藍色, 白色, 黑色",光澤（Glossy）,,"可愛, 繽紛"
photo_placeid-ChIJ5xVjKkLlZzQRzBF1TGrLCHg_idx-4.jpg,跳色,橢圓形（Oval）,"裸粉色, 白色, 金屬銀","光澤（Glossy）, 亮片（Glitter）",,優雅
photo_placeid-ChIJ6fp9IH0ZaDQRjgT5W2A9bSY_idx-10.jpg,法式,方圓形（Squoval）,"裸粉色, 金屬銀",亮片（Glitter）,雕花（3D art）,優雅
photo_placeid-ChIJ6fp9IH0ZaDQRjgT5W2A9bSY_idx-1.jpg,單色,,白色,光澤（Glossy）,,日常
photo_placeid-ChIJ6fp9IH0ZaDQRjgT5W2A9bSY_idx-4.jpg,單色,,紫色,光澤（Glossy）,,
photo_placeid-ChIJ6fp9IH0ZaDQRjgT5W2A9bSY_idx-2.jpg,跳色,橢圓形（Oval）,"棕色, 裸粉色, 金屬銀",光澤（Glossy）,"水鑽（Rhinestone）, 貼紙（Sticker）","秋, 優雅"
photo_placeid-ChIJ6fp9IH0ZaDQRjgT5W2A9bSY_idx-6.jpg,跳色,方圓形（Squoval）,"白色, 粉色","光澤（Glossy）, 亮片（Glitter）",,簡約
photo_placeid-ChIJ6fp9IH0ZaDQRjgT5W2A9bSY_idx-3.jpg,跳色,圓形（Round）,"綠色, 裸粉色","亮片（Glitter）, 光澤（Glossy）",,簡約
photo_placeid-ChIJ5XZMoOyfaDQRTnjmuRvJOZ0_idx-7.jpg,單色,橢圓形（Oval）,"紫色, 裸粉色",珠光（Pearlescent）,水鑽（Rhinestone）,"優雅, 日系"
photo_placeid-ChIJ6fp9IH0ZaDQRjgT5W2A9bSY_idx-8.jpg,,,,,,
photo_placeid-ChIJ6y3ZqJGfaDQRx4BjdUdL9eo_idx-5.jpg,"跳色, 手繪",橢圓形（Oval）,"紫色, 裸粉色, 白色",光澤（Glossy）,,優雅
photo_placeid-ChIJ6QKi8jw2aDQRNMZg_bkl62E_idx-6.jpg,"單色, 手繪",方圓形（Squoval）,"裸粉色, 黑色",光澤（Glossy）,,"簡約, 優雅"
photo_placeid-ChIJ6y3ZqJGfaDQRx4BjdUdL9eo_idx-6.jpg,"跳色, 手繪",橢圓形（Oval）,"紅色, 裸粉色, 白色","光澤（Glossy）, 金屬箔（Foil）",畫圖章（Stamp）,"可愛, 秋"
photo_placeid-ChIJ7awsE51HaTQRIz4yxj1NlWo_idx-2.jpg,"跳色, 法式",橢圓形（Oval）,"紅色, 金屬銀","光澤（Glossy）, 亮片（Glitter）","水鑽（Rhinestone）, 金屬飾片（Metal pieces）",優雅
photo_placeid-ChIJ6fp9IH0ZaDQRjgT5W2A9bSY_idx-5.jpg,跳色,方圓形（Squoval）,"裸粉色, 金屬銀",光澤（Glossy）,金屬飾片（Metal pieces）,優雅
photo_placeid-ChIJ7awsE51HaTQRIz4yxj1NlWo_idx-8.jpg,"手繪, 鏡面",方圓形（Squoval）,"紅色, 藍色, 綠色, 黑色, 粉色, 金屬銀",光澤（Glossy）,,日系
photo_placeid-ChIJ7b1Y6GGraTQRVmPjJpEDBzI_idx-10.jpg,跳色,圓形（Round）,"裸粉色, 金屬銀",亮片（Glitter）,金屬飾片（Metal pieces）,"優雅, 韓系"
photo_placeid-ChIJ7awsE51HaTQRIz4yxj1NlWo_idx-7.jpg,"跳色, 手繪",橢圓形（Oval）,"粉色, 白色",光澤（Glossy）,水鑽（Rhinestone）,可愛
photo_placeid-ChIJ7b1Y6GGraTQRVmPjJpEDBzI_idx-2.jpg,跳色,方圓形（Squoval）,"裸粉色, 金屬銀","光澤（Glossy）, 亮片（Glitter）, 金屬箔（Foil）",,優雅
photo_placeid-ChIJ7awsE51HaTQRIz4yxj1NlWo_idx-4.jpg,"跳色, 手繪",橢圓形（Oval）,"灰色, 黑色, 白色, 藍色",光澤（Glossy）,,"簡約, 日系"
photo_placeid-ChIJ7b1Y6GGraTQRVmPjJpEDBzI_idx-5.jpg,,,裸粉色,亮片（Glitter）,,優雅
photo_placeid-ChIJ7b1Y6GGraTQRVmPjJpEDBzI_idx-1.jpg,跳色,方圓形（Squoval）,"紫色, 綠色, 灰色, 金屬銀","光澤（Glossy）, 亮片（Glitter）",,"日系, 簡約"
photo_placeid-ChIJ7b1Y6GGraTQRVmPjJpEDBzI_idx-3.jpg,"跳色, 手繪",橢圓形（Oval）,"綠色, 黃色, 黑色, 白色","霧面（Matte）, 亮片（Glitter）",,"秋, 簡約"
photo_placeid-ChIJ7b1Y6GGraTQRVmPjJpEDBzI_idx-6.jpg,單色,圓形（Round）,裸粉色,珠光（Pearlescent）,,優雅
photo_placeid-ChIJ7b1Y6GGraTQRVmPjJpEDBzI_idx-8.jpg,跳色,橢圓形（Oval）,"粉色, 白色",光澤（Glossy）,,簡約
photo_placeid-ChIJ7b1Y6GGraTQRVmPjJpEDBzI_idx-9.jpg,單色,圓形（Round）,紅色,亮片（Glitter）,,日常
photo_placeid-ChIJ7Xuq7Ps5aTQRk_s8LoTqN-A_idx-4.jpg,單色,圓形（Round）,粉色,亮片（Glitter）,,優雅
photo_placeid-ChIJ8-B8-KKfaDQR5dR9HmsP010_idx-3.jpg,跳色,,"裸粉色, 紅色",光澤（Glossy）,,日常
photo_placeid-ChIJ7b1Y6GGraTQRVmPjJpEDBzI_idx-4.jpg,手繪,圓形（Round）,"黃色, 紅色, 白色, 黑色",光澤（Glossy）,,可愛
photo_placeid-ChIJ8-B8-KKfaDQR5dR9HmsP010_idx-4.jpg,法式,橢圓形（Oval）,"裸粉色, 金屬銀",光澤（Glossy）,,優雅
photo_placeid-ChIJ8QxAOwAFbjQRaVFGKZvaOMk_idx-3.jpg,漸層,尖形（Stiletto）,"裸粉色, 灰色",光澤（Glossy）,,簡約
photo_placeid-ChIJ8-B8-KKfaDQR5dR9HmsP010_idx-1.jpg,跳色,圓形（Round）,"藍色, 白色, 粉色, 金屬銀","光澤（Glossy）, 亮片（Glitter）",,簡約
photo_placeid-ChIJ8QxAOwAFbjQRaVFGKZvaOMk_idx-5.jpg,漸層,尖形（Stiletto）,"裸粉色, 綠色",光澤（Glossy）,,優雅
photo_placeid-ChIJ8-B8-KKfaDQR5dR9HmsP010_idx-5.jpg,跳色,圓形（Round）,"灰色, 白色, 粉色","光澤（Glossy）, 亮片（Glitter）",,"優雅, 簡約"
photo_placeid-ChIJ8QxAOwAFbjQRaVFGKZvaOMk_idx-7.jpg,,,,,,
photo_placeid-ChIJ8WKfSfcEbjQRBlW2P3AkWVc_idx-1.jpg,手繪,橢圓形（Oval）,"裸粉色, 白色",光澤（Glossy）,,優雅
photo_placeid-ChIJ8-B8-KKfaDQR5dR9HmsP010_idx-2.jpg,跳色,圓形（Round）,"金屬銀, 裸粉色","光澤（Glossy）, 金屬箔（Foil）",,優雅
photo_placeid-ChIJ8QxAOwAFbjQRaVFGKZvaOMk_idx-8.jpg,跳色,,"裸粉色, 金屬銀",亮片（Glitter）,金屬飾片（Metal pieces）,簡約
photo_placeid-ChIJ8QxAOwAFbjQRaVFGKZvaOMk_idx-6.jpg,"漸層, 手繪",橢圓形（Oval）,"裸粉色, 白色","光澤（Glossy）, 亮片（Glitter）","水鑽（Rhinestone）, 畫圖章（Stamp）",優雅
photo_placeid-ChIJ8WKfSfcEbjQRBlW2P3AkWVc_idx-2.jpg,漸層,方圓形（Squoval）,"黑色, 白色",亮片（Glitter）,,優雅
photo_placeid-ChIJ8WKfSfcEbjQRBlW2P3AkWVc_idx-6.jpg,手繪,,"裸粉色, 綠色, 紅色, 金屬銀",光澤,金屬飾片,冬
photo_placeid-ChIJ8WKfSfcEbjQRBlW2P3AkWVc_idx-10.jpg,"跳色, 手繪",尖形（Stiletto）,"紅色, 粉色, 藍色, 白色",光澤（Glossy）,,可愛
photo_placeid-ChIJ8WKfSfcEbjQRBlW2P3AkWVc_idx-4.jpg,貓眼,方圓形（Squoval）,棕色,光澤（Glossy）,畫圖章（Stamp）,秋
photo_placeid-ChIJ8WKfSfcEbjQRBlW2P3AkWVc_idx-7.jpg,漸層,方圓形（Squoval）,"粉色, 紅色",光澤（Glossy）,水鑽（Rhinestone）,優雅
photo_placeid-ChIJ8WKfSfcEbjQRBlW2P3AkWVc_idx-9.jpg,手繪,方形（Square）,"白色, 黑色, 金屬銀",光澤（Glossy）,水鑽（Rhinestone）,秋
photo_placeid-ChIJ9bRkRL9NaDQRstTV2ku5s7g_idx-1.jpg,法式,尖形（Stiletto）,裸粉色,光澤（Glossy）,金屬飾片（Metal pieces）,優雅
photo_placeid-ChIJ9bRkRL9NaDQRstTV2ku5s7g_idx-10.jpg,跳色,,"紅色, 白色, 金屬銀",光澤（Glossy）,金屬飾片（Metal pieces）,優雅
photo_placeid-ChIJ8WKfSfcEbjQRBlW2P3AkWVc_idx-3.jpg,手繪,橢圓形（Oval）,"紅色, 黑色, 白色, 裸粉色",亮片（Glitter）,,可愛
photo_placeid-ChIJ9bRkRL9NaDQRstTV2ku5s7g_idx-2.jpg,"跳色, 手繪",方圓形（Squoval）,"紅色, 裸粉色, 金屬銀","光澤（Glossy）, 亮片（Glitter）",金屬飾片（Metal pieces）,"優雅, 秋"
photo_placeid-ChIJ9bRkRL9NaDQRstTV2ku5s7g_idx-6.jpg,手繪,圓形（Round）,裸粉色,光澤（Glossy）,貼紙（Sticker）,優雅
photo_placeid-ChIJ9bRkRL9NaDQRstTV2ku5s7g_idx-7.jpg,,,"紅色, 金屬銀","光澤（Glossy）, 金屬箔（Foil）",,優雅
photo_placeid-ChIJ9bRkRL9NaDQRstTV2ku5s7g_idx-9.jpg,跳色,尖形（Stiletto）,"紅色, 裸粉色",光澤（Glossy）,"水鑽（Rhinestone）, 貼紙（Sticker）",優雅
photo_placeid-ChIJ9bRkRL9NaDQRstTV2ku5s7g_idx-8.jpg,跳色,橢圓形（Oval）,"藍色, 銀色","亮片（Glitter）, 光澤（Glossy）",,優雅
photo_placeid-ChIJ9eUi1WAhaDQRQ0kPiG2JI1k_idx-10.jpg,"法式, 手繪",圓形（Round）,"裸粉色, 黑色, 白色, 金屬銀",光澤（Glossy）,,"可愛, 簡約"
photo_placeid-ChIJ9bRkRL9NaDQRstTV2ku5s7g_idx-5.jpg,漸層,橢圓形（Oval）,"白色, 黑色",光澤（Glossy）,金屬飾片（Metal pieces）,
photo_placeid-ChIJ8WKfSfcEbjQRBlW2P3AkWVc_idx-8.jpg,漸層,圓形（Round）,藍色,亮片（Glitter）,水鑽（Rhinestone）,優雅
photo_placeid-ChIJ9eUi1WAhaDQRQ0kPiG2JI1k_idx-2.jpg,"單色, 手繪",橢圓形（Oval）,裸粉色,光澤（Glossy）,"水鑽（Rhinestone）, 畫圖章（Stamp）","優雅, 簡約"
photo_placeid-ChIJ9eUi1WAhaDQRQ0kPiG2JI1k_idx-5.jpg,跳色,圓形（Round）,"裸粉色, 白色","光澤（Glossy）, 亮片（Glitter）",,優雅
photo_placeid-ChIJ9eUi1WAhaDQRQ0kPiG2JI1k_idx-3.jpg,手繪,,"白色, 黑色, 粉色",光澤（Glossy）,,可愛
photo_placeid-ChIJ9eUi1WAhaDQRQ0kPiG2JI1k_idx-7.jpg,"法式, 手繪",橢圓形（Oval）,"裸粉色, 白色",光澤（Glossy）,畫圖章（Stamp）,"優雅, 簡約"
photo_placeid-ChIJ9eUi1WAhaDQRQ0kPiG2JI1k_idx-8.jpg,"手繪, 跳色",方圓形（Squoval）,"灰色, 藍色, 白色",光澤（Glossy）,畫圖章（Stamp）,優雅
photo_placeid-ChIJ9eUi1WAhaDQRQ0kPiG2JI1k_idx-6.jpg,"跳色, 手繪",橢圓形（Oval）,"白色, 棕色, 黑色",光澤（Glossy）,,優雅
photo_placeid-ChIJ9eUi1WAhaDQRQ0kPiG2JI1k_idx-4.jpg,手繪,橢圓形（Oval）,"黑色, 白色, 銀色","光澤（Glossy）, 亮片（Glitter）","畫圖章（Stamp）, 水鑽（Rhinestone）","可愛, 優雅"
photo_placeid-ChIJ9eUi1WAhaDQRQ0kPiG2JI1k_idx-9.jpg,貓眼,橢圓形（Oval）,灰色,光澤（Glossy）,,優雅
photo_placeid-ChIJ9fKaDeJNaDQRQeiMvo7zLBI_idx-2.jpg,"法式, 亮片",橢圓形（Oval）,"黑色, 裸粉色","光澤（Glossy）, 亮片（Glitter）",,優雅
photo_placeid-ChIJ9fKaDeJNaDQRQeiMvo7zLBI_idx-3.jpg,"跳色, 手繪",橢圓形（Oval）,"白色, 咖啡色",光澤（Glossy）,貼紙（Sticker）,"日系, 優雅"
photo_placeid-ChIJ9fKaDeJNaDQRQeiMvo7zLBI_idx-5.jpg,手繪,橢圓形（Oval）,"黑色, 裸粉色",光澤（Glossy）,,秋
photo_placeid-ChIJ9fKaDeJNaDQRQeiMvo7zLBI_idx-6.jpg,單色,,粉色,亮片（Glitter）,,優雅
photo_placeid-ChIJ9fKaDeJNaDQRQeiMvo7zLBI_idx-9.jpg,法式,橢圓形（Oval）,"裸粉色, 白色",光澤（Glossy）,,優雅
photo_placeid-ChIJ9fKaDeJNaDQRQeiMvo7zLBI_idx-1.jpg,跳色,橢圓形（Oval）,金屬銀,亮片（Glitter）,,優雅
photo_placeid-ChIJ9WodcUIXaTQRCuXS782jVhk_idx-4.jpg,跳色,圓形（Round）,"紅色, 金屬銀","光澤（Glossy）, 金屬箔（Foil）",,"日系, 秋"
photo_placeid-ChIJ9WodcUIXaTQRCuXS782jVhk_idx-3.jpg,單色,橢圓形（Oval）,裸粉色,光澤（Glossy）,,優雅
photo_placeid-ChIJ9WodcUIXaTQRCuXS782jVhk_idx-5.jpg,法式,,裸粉色,光澤（Glossy）,金屬飾片（Metal pieces）,優雅
photo_placeid-ChIJ9WodcUIXaTQRCuXS782jVhk_idx-6.jpg,跳色,橢圓形（Oval）,"紫色, 銀色","光澤（Glossy）, 亮片（Glitter）",,
photo_placeid-ChIJ9WodcUIXaTQRCuXS782jVhk_idx-10.jpg,手繪,圓形（Round）,"紫色, 銀色","光澤（Glossy）, 亮片（Glitter）",金屬飾片（Metal pieces）,優雅
photo_placeid-ChIJ9WodcUIXaTQRCuXS782jVhk_idx-9.jpg,"跳色, 手繪",圓形（Round）,"白色, 藍色",光澤（Glossy）,,可愛
photo_placeid-ChIJ9WodcUIXaTQRCuXS782jVhk_idx-8.jpg,"手繪, 法式",方圓形（Squoval）,"藍色, 白色",光澤（Glossy）,,"可愛, 冬"
photo_placeid-ChIJ_-Fs7x05aTQRh-Ks8QboWZ8_idx-1.jpg,漸層,橢圓形（Oval）,紅色,光澤（Glossy）,,優雅
photo_placeid-ChIJ9WodcUIXaTQRCuXS782jVhk_idx-7.jpg,單色,橢圓形（Oval）,裸粉色,光澤（Glossy）,金屬箔（Foil）,簡約
photo_placeid-ChIJ_-Fs7x05aTQRh-Ks8QboWZ8_idx-2.jpg,"跳色, 手繪",圓形（Round）,"綠色, 裸粉色",光澤（Glossy）,,優雅
photo_placeid-ChIJ_-Fs7x05aTQRh-Ks8QboWZ8_idx-4.jpg,手繪,橢圓形（Oval）,"紅色, 灰色, 金屬銀",光澤（Glossy）,金屬飾片（Metal pieces）,優雅
photo_placeid-ChIJ_-Fs7x05aTQRh-Ks8QboWZ8_idx-5.jpg,,圓形（Round）,粉色,亮片（Glitter）,,日常
photo_placeid-ChIJ_-Fs7x05aTQRh-Ks8QboWZ8_idx-6.jpg,,橢圓形（Oval）,裸粉色,亮片（Glitter）,,"日常, 優雅"
photo_placeid-ChIJ_-Fs7x05aTQRh-Ks8QboWZ8_idx-3.jpg,單色,方圓形（Squoval）,裸粉色,光澤（Glossy）,,"日常, 簡約, 優雅"
photo_placeid-ChIJ_-Fs7x05aTQRh-Ks8QboWZ8_idx-9.jpg,"漸層, 手繪",橢圓形（Oval）,"灰色, 白色","光澤（Glossy）, 亮片（Glitter）","水鑽（Rhinestone）, 金屬飾片（Metal pieces）",優雅
photo_placeid-ChIJ_7WCckSnQjQR6-c795YBH8Y_idx-1.jpg,漸層,橢圓形（Oval）,"藍色, 灰色",光澤（Glossy）,,優雅
photo_placeid-ChIJ_-Fs7x05aTQRh-Ks8QboWZ8_idx-7.jpg,法式,圓形（Round）,"裸粉色, 金屬銀",光澤（Glossy）,亮片（Glitter）,優雅
photo_placeid-ChIJ_7WCckSnQjQR6-c795YBH8Y_idx-10.jpg,跳色,橢圓形（Oval）,"裸粉色, 灰色, 金屬銀","光澤（Glossy）, 亮片（Glitter）",金屬飾片（Metal pieces）,優雅
photo_placeid-ChIJ_7WCckSnQjQR6-c795YBH8Y_idx-4.jpg,漸層,橢圓形（Oval）,"裸粉色, 白色","光澤（Glossy）, 亮片（Glitter）",金屬飾片（Metal pieces）,優雅
photo_placeid-ChIJ_7WCckSnQjQR6-c795YBH8Y_idx-3.jpg,"跳色, 手繪",橢圓形（Oval）,"粉色, 白色, 金屬銀","光澤（Glossy）, 亮片（Glitter）",,優雅
photo_placeid-ChIJ_-Fs7x05aTQRh-Ks8QboWZ8_idx-10.jpg,跳色,橢圓形（Oval）,"粉色, 金屬銀, 黑色","光澤（Glossy）, 亮片（Glitter）","水鑽（Rhinestone）, 金屬飾片（Metal pieces）","優雅, 歐美風"
photo_placeid-ChIJ_7WCckSnQjQR6-c795YBH8Y_idx-2.jpg,"法式, 手繪",方圓形（Squoval）,"裸粉色, 白色","光澤（Glossy）, 亮片（Glitter）","雕花（3D art）, 水鑽（Rhinestone）","優雅, 簡約"
photo_placeid-ChIJ_7WCckSnQjQR6-c795YBH8Y_idx-5.jpg,跳色,方圓形（Squoval）,"黑色, 裸粉色",光澤（Glossy）,貼紙（Sticker）,簡約
photo_placeid-ChIJ_7WCckSnQjQR6-c795YBH8Y_idx-7.jpg,跳色,橢圓形（Oval）,"灰色, 白色",光澤（Glossy）,金屬飾片（Metal pieces）,優雅
photo_placeid-ChIJ_7WCckSnQjQR6-c795YBH8Y_idx-9.jpg,跳色,方圓形（Squoval）,"裸粉色, 金屬銀, 白色","光澤（Glossy）, 珠光（Pearlescent）",金屬飾片（Metal pieces）,優雅
photo_placeid-ChIJ_f_uYJo1aDQRr4eus4Bwu10_idx-7.jpg,手繪,,"黃色, 藍色, 粉色, 白色",光澤（Glossy）,貼紙（Sticker）,"可愛, 繽紛"
photo_placeid-ChIJ_f_uYJo1aDQRr4eus4Bwu10_idx-8.jpg,手繪,,"紅色, 黃色, 藍色",光澤（Glossy）,,可愛
photo_placeid-ChIJ_7WCckSnQjQR6-c795YBH8Y_idx-6.jpg,"漸層, 手繪",圓形（Round）,"裸粉色, 橙色",光澤（Glossy）,,"春, 優雅"
photo_placeid-ChIJ_7WCckSnQjQR6-c795YBH8Y_idx-8.jpg,手繪,橢圓形（Oval）,"白色, 紅色, 金屬銀",光澤（Glossy）,"雕花（3D art）, 金屬飾片（Metal pieces）",優雅
photo_placeid-ChIJ_w94mkE1aDQRZdjBk_Onw38_idx-2.jpg,跳色,尖形（Stiletto）,"裸粉色, 金屬銀","光澤（Glossy）, 亮片（Glitter）",,優雅
photo_placeid-ChIJ_w94mkE1aDQRZdjBk_Onw38_idx-3.jpg,手繪,橢圓形（Oval）,"白色, 藍色, 綠色",光澤（Glossy）,貼紙（Sticker）,"冬, 可愛"
photo_placeid-ChIJ_w94mkE1aDQRZdjBk_Onw38_idx-6.jpg,"跳色, 手繪",圓形（Round）,"白色, 裸粉色",光澤（Glossy）,雕花（3D art）,優雅
photo_placeid-ChIJV3aFXX84aTQRGiyvA6bW-vo_idx-4.jpg,"跳色, 手繪",尖形,"紅色, 綠色, 黑色",光澤,金屬飾片,歐美風
